trial,variant,context,clients,job_index,question_id,identical_output,total_latency_multiplier
0,cuda_eager_bf16,long,4,0,refund,True,3.2447744247305135
0,cuda_eager_bf16,long,4,1,combined,True,1.2531312319884473
0,cuda_eager_bf16,long,4,2,unknown,True,6.890729623238346
0,cuda_eager_bf16,long,4,3,retention,True,5.123952700368822
0,cuda_eager_bf16,long,4,4,unknown,True,5.219906336120927
0,cuda_eager_bf16,long,4,5,retention,True,4.15421250550167
0,cuda_eager_bf16,long,4,6,export,True,2.941698909199101
0,cuda_eager_bf16,long,4,7,combined,True,2.6822388489995648
0,cuda_eager_bf16,long,4,8,refund,True,4.970192202777368
0,cuda_eager_bf16,long,4,9,price,True,3.4176978816062773
0,cuda_eager_bf16,long,4,10,export,True,2.5794751816858743
0,cuda_eager_bf16,long,4,11,price,True,4.07962843076517
0,cuda_eager_bf16,long,2,0,refund,True,3.20034038503493
0,cuda_eager_bf16,long,2,1,combined,True,1.4815629703514464
0,cuda_eager_bf16,long,2,2,unknown,True,2.882925466917846
0,cuda_eager_bf16,long,2,3,retention,True,2.8273056644746757
0,cuda_eager_bf16,long,2,4,unknown,True,2.352550217880246
0,cuda_eager_bf16,long,2,5,retention,True,1.7714262916179808
0,cuda_eager_bf16,long,2,6,export,True,1.542422492157718
0,cuda_eager_bf16,long,2,7,combined,True,1.5424307218424005
0,cuda_eager_bf16,long,2,8,refund,True,2.4422941079938716
0,cuda_eager_bf16,long,2,9,price,True,1.5057043831892154
0,cuda_eager_bf16,long,2,10,export,True,1.4328079996125271
0,cuda_eager_bf16,long,2,11,price,True,1.898193002455102
0,cuda_eager_bf16,short,2,0,refund,True,13.69850547163875
0,cuda_eager_bf16,short,2,1,combined,True,0.7092337733321352
0,cuda_eager_bf16,short,2,2,unknown,True,1.646304457926813
0,cuda_eager_bf16,short,2,3,retention,True,1.4348388890111101
0,cuda_eager_bf16,short,2,4,unknown,True,4.454198227344629
0,cuda_eager_bf16,short,2,5,retention,True,1.0281392150076423
0,cuda_eager_bf16,short,2,6,export,True,2.01089772271873
0,cuda_eager_bf16,short,2,7,combined,True,2.333372667467493
0,cuda_eager_bf16,short,2,8,refund,True,16.581416815848453
0,cuda_eager_bf16,short,2,9,price,True,1.155202488723343
0,cuda_eager_bf16,short,2,10,export,True,1.965374022173752
0,cuda_eager_bf16,short,2,11,price,True,2.005019423586497
0,cuda_eager_bf16,short,4,0,refund,True,1.0008982236157855
0,cuda_eager_bf16,short,4,1,combined,True,1.3420878802597087
0,cuda_eager_bf16,short,4,2,unknown,True,5.665273754795614
0,cuda_eager_bf16,short,4,3,retention,True,1.532538744437932
0,cuda_eager_bf16,short,4,4,unknown,True,11.841385135486245
0,cuda_eager_bf16,short,4,5,retention,True,3.203479719326502
0,cuda_eager_bf16,short,4,6,export,True,3.5912609432972338
0,cuda_eager_bf16,short,4,7,combined,True,2.91664306823747
0,cuda_eager_bf16,short,4,8,refund,True,31.8004114758466
0,cuda_eager_bf16,short,4,9,price,True,3.4585099466473403
0,cuda_eager_bf16,short,4,10,export,True,3.54646974065222
0,cuda_eager_bf16,short,4,11,price,True,3.2370759463484315
0,cuda_sdpa_bf16,long,4,0,refund,True,0.6910577338878868
0,cuda_sdpa_bf16,long,4,1,combined,True,2.9481999293282874
0,cuda_sdpa_bf16,long,4,2,unknown,True,2.0230975468583896
0,cuda_sdpa_bf16,long,4,3,retention,True,2.281133590500057
0,cuda_sdpa_bf16,long,4,4,unknown,True,5.981642994794059
0,cuda_sdpa_bf16,long,4,5,retention,True,3.787438152710749
0,cuda_sdpa_bf16,long,4,6,export,True,3.572362035588203
0,cuda_sdpa_bf16,long,4,7,combined,True,3.823083047475957
0,cuda_sdpa_bf16,long,4,8,refund,True,6.341493981382002
0,cuda_sdpa_bf16,long,4,9,price,True,4.150419870782934
0,cuda_sdpa_bf16,long,4,10,export,True,3.8101947559837157
0,cuda_sdpa_bf16,long,4,11,price,True,2.0785560328043298
0,cuda_sdpa_bf16,long,2,0,refund,True,2.5178760523483183
0,cuda_sdpa_bf16,long,2,1,combined,True,1.2442668775340575
0,cuda_sdpa_bf16,long,2,2,unknown,True,2.390513276314536
0,cuda_sdpa_bf16,long,2,3,retention,True,2.0125149688667756
0,cuda_sdpa_bf16,long,2,4,unknown,True,2.82127871354078
0,cuda_sdpa_bf16,long,2,5,retention,True,1.4608314559886162
0,cuda_sdpa_bf16,long,2,6,export,True,1.9149867846779374
0,cuda_sdpa_bf16,long,2,7,combined,True,2.2193001472515608
0,cuda_sdpa_bf16,long,2,8,refund,True,3.088185546161285
0,cuda_sdpa_bf16,long,2,9,price,True,2.198722111295191
0,cuda_sdpa_bf16,long,2,10,export,True,2.287622909172346
0,cuda_sdpa_bf16,long,2,11,price,True,1.2434422387430544
0,cuda_sdpa_bf16,short,2,0,refund,True,0.909839787565444
0,cuda_sdpa_bf16,short,2,1,combined,True,1.4916853824931084
0,cuda_sdpa_bf16,short,2,2,unknown,True,8.107291021086525
0,cuda_sdpa_bf16,short,2,3,retention,True,1.34145004659671
0,cuda_sdpa_bf16,short,2,4,unknown,True,3.734776926633833
0,cuda_sdpa_bf16,short,2,5,retention,True,1.249929276882961
0,cuda_sdpa_bf16,short,2,6,export,True,1.4036661815714884
0,cuda_sdpa_bf16,short,2,7,combined,True,1.3741309813748284
0,cuda_sdpa_bf16,short,2,8,refund,True,3.797494207359123
0,cuda_sdpa_bf16,short,2,9,price,True,1.7147533597272298
0,cuda_sdpa_bf16,short,2,10,export,True,2.442970056387994
0,cuda_sdpa_bf16,short,2,11,price,True,2.454016778657904
0,cuda_sdpa_bf16,short,4,0,refund,True,4.758165089688069
0,cuda_sdpa_bf16,short,4,1,combined,True,2.195274599630103
0,cuda_sdpa_bf16,short,4,2,unknown,True,1.57947151560372
0,cuda_sdpa_bf16,short,4,3,retention,True,1.4446168113075215
0,cuda_sdpa_bf16,short,4,4,unknown,True,12.184305468020245
0,cuda_sdpa_bf16,short,4,5,retention,True,4.154320603513963
0,cuda_sdpa_bf16,short,4,6,export,True,2.419615575841347
0,cuda_sdpa_bf16,short,4,7,combined,True,2.2696390639321677
0,cuda_sdpa_bf16,short,4,8,refund,True,7.892595602088503
0,cuda_sdpa_bf16,short,4,9,price,True,4.764804748801635
0,cuda_sdpa_bf16,short,4,10,export,True,4.380098381043078
0,cuda_sdpa_bf16,short,4,11,price,True,3.392984186823303
1,cuda_eager_bf16,short,4,0,retention,True,0.897205274527154
1,cuda_eager_bf16,short,4,1,retention,True,3.156532579823977
1,cuda_eager_bf16,short,4,2,refund,True,12.100793835981461
1,cuda_eager_bf16,short,4,3,export,True,1.680845238399331
1,cuda_eager_bf16,short,4,4,price,True,2.9624008008141294
1,cuda_eager_bf16,short,4,5,combined,True,2.3178136222512595
1,cuda_eager_bf16,short,4,6,unknown,True,13.521031341196766
1,cuda_eager_bf16,short,4,7,unknown,True,13.619924418566656
1,cuda_eager_bf16,short,4,8,refund,True,10.983980905523167
1,cuda_eager_bf16,short,4,9,export,True,1.587234402405572
1,cuda_eager_bf16,short,4,10,price,True,2.428634654135337
1,cuda_eager_bf16,short,4,11,combined,True,1.7491854478985784
1,cuda_eager_bf16,long,2,0,retention,True,1.5867044061574735
1,cuda_eager_bf16,long,2,1,retention,True,1.0302336998435055
1,cuda_eager_bf16,long,2,2,refund,True,1.8998206640509385
1,cuda_eager_bf16,long,2,3,export,True,1.4249707496019701
1,cuda_eager_bf16,long,2,4,price,True,2.0130290786335365
1,cuda_eager_bf16,long,2,5,combined,True,1.7954801620822318
1,cuda_eager_bf16,long,2,6,unknown,True,3.072301038022905
1,cuda_eager_bf16,long,2,7,unknown,True,2.1495863507496353
1,cuda_eager_bf16,long,2,8,refund,True,1.9040727892412088
1,cuda_eager_bf16,long,2,9,export,True,1.6946778478067113
1,cuda_eager_bf16,long,2,10,price,True,2.602206658726859
1,cuda_eager_bf16,long,2,11,combined,True,2.08685614492255
1,cuda_eager_bf16,short,2,0,retention,True,1.1827948806601956
1,cuda_eager_bf16,short,2,1,retention,True,2.0846031124116675
1,cuda_eager_bf16,short,2,2,refund,True,6.027577477472777
1,cuda_eager_bf16,short,2,3,export,True,1.2093835894059715
1,cuda_eager_bf16,short,2,4,price,True,2.2020026181467207
1,cuda_eager_bf16,short,2,5,combined,True,1.8633995685248157
1,cuda_eager_bf16,short,2,6,unknown,True,7.751711889357282
1,cuda_eager_bf16,short,2,7,unknown,True,3.448928104662654
1,cuda_eager_bf16,short,2,8,refund,True,2.797177353335063
1,cuda_eager_bf16,short,2,9,export,True,1.0580726224159842
1,cuda_eager_bf16,short,2,10,price,True,1.8712527133532195
1,cuda_eager_bf16,short,2,11,combined,True,1.0765305060322952
1,cuda_eager_bf16,long,4,0,retention,True,2.669476258170449
1,cuda_eager_bf16,long,4,1,retention,True,0.8583760459501598
1,cuda_eager_bf16,long,4,2,refund,True,4.58025226901537
1,cuda_eager_bf16,long,4,3,export,True,1.5420340096707257
1,cuda_eager_bf16,long,4,4,price,True,3.8281217485319856
1,cuda_eager_bf16,long,4,5,combined,True,3.218009003378989
1,cuda_eager_bf16,long,4,6,unknown,True,5.635469383786135
1,cuda_eager_bf16,long,4,7,unknown,True,5.453262301087671
1,cuda_eager_bf16,long,4,8,refund,True,4.679623537683222
1,cuda_eager_bf16,long,4,9,export,True,3.134031044627155
1,cuda_eager_bf16,long,4,10,price,True,4.177193521088447
1,cuda_eager_bf16,long,4,11,combined,True,3.644950470765527
1,cuda_sdpa_bf16,short,4,0,retention,True,2.317203655580775
1,cuda_sdpa_bf16,short,4,1,retention,True,2.6314063469022653
1,cuda_sdpa_bf16,short,4,2,refund,True,1.094525409671494
1,cuda_sdpa_bf16,short,4,3,export,True,1.3213938454055372
1,cuda_sdpa_bf16,short,4,4,price,True,3.342546744813797
1,cuda_sdpa_bf16,short,4,5,combined,True,1.8238435373821398
1,cuda_sdpa_bf16,short,4,6,unknown,True,11.201377231767513
1,cuda_sdpa_bf16,short,4,7,unknown,True,10.313922504717183
1,cuda_sdpa_bf16,short,4,8,refund,True,5.016186093882725
1,cuda_sdpa_bf16,short,4,9,export,True,3.023229311141189
1,cuda_sdpa_bf16,short,4,10,price,True,4.977893497218406
1,cuda_sdpa_bf16,short,4,11,combined,True,3.934341534187177
1,cuda_sdpa_bf16,long,2,0,retention,True,2.163795268063208
1,cuda_sdpa_bf16,long,2,1,retention,True,1.6069297864090049
1,cuda_sdpa_bf16,long,2,2,refund,True,2.8410580507612604
1,cuda_sdpa_bf16,long,2,3,export,True,1.6005775395092543
1,cuda_sdpa_bf16,long,2,4,price,True,2.166342351438793
1,cuda_sdpa_bf16,long,2,5,combined,True,2.0608996301168285
1,cuda_sdpa_bf16,long,2,6,unknown,True,3.8512536994535846
1,cuda_sdpa_bf16,long,2,7,unknown,True,2.4091052695014503
1,cuda_sdpa_bf16,long,2,8,refund,True,1.7062796671231062
1,cuda_sdpa_bf16,long,2,9,export,True,2.016412143796436
1,cuda_sdpa_bf16,long,2,10,price,True,2.9907669499432887
1,cuda_sdpa_bf16,long,2,11,combined,True,1.979275979789541
1,cuda_sdpa_bf16,short,2,0,retention,True,1.543557637363856
1,cuda_sdpa_bf16,short,2,1,retention,True,0.6715987085391004
1,cuda_sdpa_bf16,short,2,2,refund,True,2.4080822828269004
1,cuda_sdpa_bf16,short,2,3,export,True,1.2376755450907029
1,cuda_sdpa_bf16,short,2,4,price,True,1.5871522376359526
1,cuda_sdpa_bf16,short,2,5,combined,True,0.793163616283227
1,cuda_sdpa_bf16,short,2,6,unknown,True,3.865544067138471
1,cuda_sdpa_bf16,short,2,7,unknown,True,1.202450759518583
1,cuda_sdpa_bf16,short,2,8,refund,True,1.0661112827533907
1,cuda_sdpa_bf16,short,2,9,export,True,1.478032817081695
1,cuda_sdpa_bf16,short,2,10,price,True,2.1136399495382467
1,cuda_sdpa_bf16,short,2,11,combined,True,1.6467186493052168
1,cuda_sdpa_bf16,long,4,0,retention,True,2.6238091029514417
1,cuda_sdpa_bf16,long,4,1,retention,True,1.0178826394168112
1,cuda_sdpa_bf16,long,4,2,refund,True,3.2563289236853024
1,cuda_sdpa_bf16,long,4,3,export,True,1.5354857099244417
1,cuda_sdpa_bf16,long,4,4,price,True,3.9894709133893347
1,cuda_sdpa_bf16,long,4,5,combined,True,4.467124345051507
1,cuda_sdpa_bf16,long,4,6,unknown,True,8.713171467541112
1,cuda_sdpa_bf16,long,4,7,unknown,True,7.862048453772349
1,cuda_sdpa_bf16,long,4,8,refund,True,5.832318049025658
1,cuda_sdpa_bf16,long,4,9,export,True,3.7814776471409
1,cuda_sdpa_bf16,long,4,10,price,True,5.114296539743591
1,cuda_sdpa_bf16,long,4,11,combined,True,4.537562474841302
2,cuda_eager_bf16,long,4,0,combined,True,0.8747391640010793
2,cuda_eager_bf16,long,4,1,unknown,True,4.082485282834503
2,cuda_eager_bf16,long,4,2,price,True,2.497012091844205
2,cuda_eager_bf16,long,4,3,retention,True,4.974525780509258
2,cuda_eager_bf16,long,4,4,combined,True,2.395666134114335
2,cuda_eager_bf16,long,4,5,price,True,4.338457278079081
2,cuda_eager_bf16,long,4,6,refund,True,3.7136845626166766
2,cuda_eager_bf16,long,4,7,export,True,3.5758159785059402
2,cuda_eager_bf16,long,4,8,retention,True,4.584911336496372
2,cuda_eager_bf16,long,4,9,unknown,True,5.2335437959130875
2,cuda_eager_bf16,long,4,10,refund,True,4.130415069825054
2,cuda_eager_bf16,long,4,11,export,True,2.8162570745803555
2,cuda_eager_bf16,long,2,0,combined,True,1.6097495811326734
2,cuda_eager_bf16,long,2,1,unknown,True,1.1436783995946058
2,cuda_eager_bf16,long,2,2,price,True,2.32723507983304
2,cuda_eager_bf16,long,2,3,retention,True,2.2269122958403065
2,cuda_eager_bf16,long,2,4,combined,True,1.198607550504195
2,cuda_eager_bf16,long,2,5,price,True,2.4558771936613253
2,cuda_eager_bf16,long,2,6,refund,True,1.7150923634219635
2,cuda_eager_bf16,long,2,7,export,True,1.5354807076781378
2,cuda_eager_bf16,long,2,8,retention,True,2.45127424222407
2,cuda_eager_bf16,long,2,9,unknown,True,2.330502816323421
2,cuda_eager_bf16,long,2,10,refund,True,1.6892080166443497
2,cuda_eager_bf16,long,2,11,export,True,1.6717798631322955
2,cuda_eager_bf16,short,2,0,combined,True,1.07661641294517
2,cuda_eager_bf16,short,2,1,unknown,True,0.7731479887993505
2,cuda_eager_bf16,short,2,2,price,True,2.8082191955599707
2,cuda_eager_bf16,short,2,3,retention,True,2.424147725069822
2,cuda_eager_bf16,short,2,4,combined,True,1.1715203901290245
2,cuda_eager_bf16,short,2,5,price,True,1.9589114151292624
2,cuda_eager_bf16,short,2,6,refund,True,7.679104593736498
2,cuda_eager_bf16,short,2,7,export,True,1.0033946562677465
2,cuda_eager_bf16,short,2,8,retention,True,2.027056766431504
2,cuda_eager_bf16,short,2,9,unknown,True,3.185420657430635
2,cuda_eager_bf16,short,2,10,refund,True,2.186269703421404
2,cuda_eager_bf16,short,2,11,export,True,1.1378578472100582
2,cuda_eager_bf16,short,4,0,combined,True,2.0393602563017534
2,cuda_eager_bf16,short,4,1,unknown,True,12.141969128162819
2,cuda_eager_bf16,short,4,2,price,True,1.220246644880988
2,cuda_eager_bf16,short,4,3,retention,True,2.7787075684445663
2,cuda_eager_bf16,short,4,4,combined,True,2.1639349021011918
2,cuda_eager_bf16,short,4,5,price,True,3.3765939551401982
2,cuda_eager_bf16,short,4,6,refund,True,20.610642646837007
2,cuda_eager_bf16,short,4,7,export,True,2.735966943086042
2,cuda_eager_bf16,short,4,8,retention,True,3.5840298432067486
2,cuda_eager_bf16,short,4,9,unknown,True,8.819153902666004
2,cuda_eager_bf16,short,4,10,refund,True,17.85965405621688
2,cuda_eager_bf16,short,4,11,export,True,2.9327302687607353
2,cuda_sdpa_bf16,long,4,0,combined,True,2.381651879609527
2,cuda_sdpa_bf16,long,4,1,unknown,True,0.8025571015628934
2,cuda_sdpa_bf16,long,4,2,price,True,2.063127380322515
2,cuda_sdpa_bf16,long,4,3,retention,True,4.170409587383741
2,cuda_sdpa_bf16,long,4,4,combined,True,3.860768364462571
2,cuda_sdpa_bf16,long,4,5,price,True,4.537822525067611
2,cuda_sdpa_bf16,long,4,6,refund,True,4.1833852543780035
2,cuda_sdpa_bf16,long,4,7,export,True,4.026097533401511
2,cuda_sdpa_bf16,long,4,8,retention,True,3.1771548335101145
2,cuda_sdpa_bf16,long,4,9,unknown,True,6.05397126198433
2,cuda_sdpa_bf16,long,4,10,refund,True,6.146295482369844
2,cuda_sdpa_bf16,long,4,11,export,True,4.513321297820555
2,cuda_sdpa_bf16,long,2,0,combined,True,1.4850031460376698
2,cuda_sdpa_bf16,long,2,1,unknown,True,0.8192492910486734
2,cuda_sdpa_bf16,long,2,2,price,True,2.302770125304831
2,cuda_sdpa_bf16,long,2,3,retention,True,1.7653468068828215
2,cuda_sdpa_bf16,long,2,4,combined,True,1.6941708454834403
2,cuda_sdpa_bf16,long,2,5,price,True,1.9280524848313332
2,cuda_sdpa_bf16,long,2,6,refund,True,1.688487756719459
2,cuda_sdpa_bf16,long,2,7,export,True,1.7905495177213695
2,cuda_sdpa_bf16,long,2,8,retention,True,2.0031174927144506
2,cuda_sdpa_bf16,long,2,9,unknown,True,3.4550315517524255
2,cuda_sdpa_bf16,long,2,10,refund,True,2.5145425951404174
2,cuda_sdpa_bf16,long,2,11,export,True,2.258857992361711
2,cuda_sdpa_bf16,short,2,0,combined,True,1.493770655266137
2,cuda_sdpa_bf16,short,2,1,unknown,True,9.177459822392423
2,cuda_sdpa_bf16,short,2,2,price,True,1.2968392509597475
2,cuda_sdpa_bf16,short,2,3,retention,True,2.243434184000528
2,cuda_sdpa_bf16,short,2,4,combined,True,2.0277517550367055
2,cuda_sdpa_bf16,short,2,5,price,True,3.0483837221100094
2,cuda_sdpa_bf16,short,2,6,refund,True,3.3887859256014994
2,cuda_sdpa_bf16,short,2,7,export,True,1.8018168581805016
2,cuda_sdpa_bf16,short,2,8,retention,True,2.5472988416662496
2,cuda_sdpa_bf16,short,2,9,unknown,True,4.889793807321344
2,cuda_sdpa_bf16,short,2,10,refund,True,2.0642687493087117
2,cuda_sdpa_bf16,short,2,11,export,True,1.9155482534213177
2,cuda_sdpa_bf16,short,4,0,combined,True,2.545904263873907
2,cuda_sdpa_bf16,short,4,1,unknown,True,15.081077226476513
2,cuda_sdpa_bf16,short,4,2,price,True,2.0367051977729362
2,cuda_sdpa_bf16,short,4,3,retention,True,0.8998183515605594
2,cuda_sdpa_bf16,short,4,4,combined,True,3.132132974180239
2,cuda_sdpa_bf16,short,4,5,price,True,4.705748150018273
2,cuda_sdpa_bf16,short,4,6,refund,True,6.795086455925516
2,cuda_sdpa_bf16,short,4,7,export,True,5.0968986546041775
2,cuda_sdpa_bf16,short,4,8,retention,True,6.144414883955101
2,cuda_sdpa_bf16,short,4,9,unknown,True,15.524479272226023
2,cuda_sdpa_bf16,short,4,10,refund,True,6.330121314889912
2,cuda_sdpa_bf16,short,4,11,export,True,3.0659814547665003
