variant,context,clients,trials,attempted,completed,errors,duration_ms,completed_requests_per_second,client_first_text_ms_median,client_first_text_ms_p95,client_total_ms_median,client_total_ms_p95,queue_ms_median,queue_ms_p95,generation_ms_median,generation_ms_p95,generated_tokens_per_second,trial_throughput_min,trial_throughput_max,trial_total_median_min,trial_total_median_max
cuda_eager_bf16,long,1,3,36,36,0,32006.06540008448,1.1247868036883089,130.8394499355927,160.37100018002093,817.9679999593645,1334.7519000526518,0.03114994615316391,0.12099999003112316,812.344100093469,1305.6137999519706,24.93277414842418,1.1077865104555988,1.1449514771855012,799.3661500513554,844.0122999018058
cuda_eager_bf16,long,2,3,36,36,0,31504.253499908373,1.1427028417005565,917.2685999656096,1267.6815001759678,1687.874799943529,2278.6977000068873,775.3682000329718,1124.8214000370353,846.8778500100598,1273.1053999159485,25.329912991029,1.1211945221343402,1.1682835548950468,1681.1693001072854,1707.9658000729978
cuda_eager_bf16,long,4,3,36,36,0,32059.893699828535,1.1228982958291136,2608.183099888265,3019.122599856928,3347.1534500131384,3955.5565000046045,2479.712149943225,2888.1085000466555,810.1264999713749,1324.910799972713,24.89091222421202,1.0781482265158684,1.1586047328670714,3311.6703500272706,3395.8595999283716
cuda_eager_bf16,short,1,3,36,36,0,24669.445000123233,1.45929509155233,52.776450058445334,75.66590001806617,733.6067999713123,1564.4793999381363,0.032850075513124466,0.1050001010298729,730.9178999857977,1549.3451000656933,26.510527496533992,1.362738767863255,1.5518220097406732,698.2520498568192,802.4446000345051
cuda_eager_bf16,short,2,3,36,36,0,23673.702399944887,1.520674687542064,673.4440500149503,1322.4188000895083,1318.2633499382064,2094.150299904868,622.8083999594674,1261.33370003663,703.342100023292,1269.4574999623,27.625590157014162,1.3469203020716747,1.6627692049737122,1172.7563500171527,1362.2039499459788
cuda_eager_bf16,short,4,3,36,36,0,23614.426399813965,1.5244918250601085,1642.6479499787092,2689.0185999218374,2373.973499867134,3499.042300041765,1586.8818500312045,2639.3228999804705,767.4391500186175,1231.7639000248164,27.694934821925305,1.3785698943334992,1.7016021179832872,1938.7678500497714,2626.7893000040203
cuda_sdpa_bf16,long,1,3,36,36,0,34730.165200075135,1.0365628781956417,170.48644996248186,187.73710005916655,941.3093999028206,1492.3099000006914,0.03929995000362396,0.11390005238354206,936.8100001011044,1489.007500000298,24.18646715789831,1.0210308271074444,1.0682930264657773,930.2473498973995,996.1847498780116
cuda_sdpa_bf16,long,2,3,36,36,0,36720.57469980791,0.9803768131163895,1084.1635999968275,1756.3304000068456,1933.4093501092866,2481.3012999948114,910.1742999628186,1572.1052000299096,1017.2493000281975,1590.0232000276446,22.875458972715755,0.8947634150038529,1.0672597785111912,1836.5450999699533,2224.441949976608
cuda_sdpa_bf16,long,4,3,36,36,0,36593.31030002795,0.9837863725592626,3027.604200062342,4148.433199850842,3786.1767500871792,5109.17429998517,2863.5847000405192,3960.7357000932097,934.4921999145299,1787.2347000520676,22.95501535971613,0.870449505772277,1.0911221275388048,3618.4681998565793,4183.253100025468
cuda_sdpa_bf16,short,1,3,36,36,0,27214.921000180766,1.3228037663515864,57.54785006865859,82.10309990681708,733.5882500046864,1447.4086000118405,0.04139996599406004,0.13149995356798172,726.665849913843,1444.3270999472588,26.67654262142366,1.1588469237379075,1.527930064990655,725.9859000332654,837.2265500947833
cuda_sdpa_bf16,short,2,3,36,36,0,26338.089700089768,1.3668417265614106,714.4806999713182,1566.207000054419,1431.1345000751317,2251.955399988219,654.4982999330387,1504.977700067684,722.0695500727743,1505.9520001523197,27.564641485655113,1.2532760374300616,1.5336042207021274,1264.4959000172094,1521.837150095962
cuda_sdpa_bf16,short,4,3,36,36,0,29247.084600152448,1.2308919159693734,2252.8348499909043,3352.103700162843,2969.591849949211,4072.5626999046654,2193.3668500278145,3293.8127000816166,808.2772999769077,1426.3311999384314,24.82298697204903,1.159913673426927,1.2883053714745105,2846.460200031288,2996.8336999882013
