variant,context,question_id,requests,unique_token_sequences,all_fact_checks_pass
cuda_eager_bf16,long,combined,10,1,True
cuda_eager_bf16,long,export,10,1,True
cuda_eager_bf16,long,price,10,1,True
cuda_eager_bf16,long,refund,10,1,True
cuda_eager_bf16,long,retention,10,1,True
cuda_eager_bf16,long,unknown,10,1,False
cuda_eager_bf16,short,combined,10,1,True
cuda_eager_bf16,short,export,10,1,True
cuda_eager_bf16,short,price,10,1,True
cuda_eager_bf16,short,refund,10,1,True
cuda_eager_bf16,short,retention,10,1,True
cuda_eager_bf16,short,unknown,10,1,True
cuda_sdpa_bf16,long,combined,10,1,True
cuda_sdpa_bf16,long,export,10,1,True
cuda_sdpa_bf16,long,price,10,1,True
cuda_sdpa_bf16,long,refund,10,1,True
cuda_sdpa_bf16,long,retention,10,1,True
cuda_sdpa_bf16,long,unknown,10,1,False
cuda_sdpa_bf16,short,combined,10,1,True
cuda_sdpa_bf16,short,export,10,1,True
cuda_sdpa_bf16,short,price,10,1,True
cuda_sdpa_bf16,short,refund,10,1,True
cuda_sdpa_bf16,short,retention,10,1,True
cuda_sdpa_bf16,short,unknown,10,1,True
