baseline,candidate,trial,question_id,context,mode,total_speedup,first_text_speedup,same_output_tokens,baseline_output_tokens,candidate_output_tokens,baseline_fact_pass,candidate_fact_pass
cuda_eager_bf16,cuda_sdpa_bf16,0,unknown,short,natural,1.3057401576214664,1.4410895149477778,True,5,5,True,True
cuda_eager_bf16,cuda_sdpa_bf16,0,price,long,natural,0.9592663856422153,0.731626607886709,True,22,22,True,True
cuda_eager_bf16,cuda_sdpa_bf16,0,combined,long,natural,1.1129436151766094,0.8148203790115653,True,32,32,True,True
cuda_eager_bf16,cuda_sdpa_bf16,0,retention,short,natural,1.0312449449451657,0.9142698604810294,True,19,19,True,True
cuda_eager_bf16,cuda_sdpa_bf16,0,retention,long,natural,0.7202525754914266,0.9248099037295233,False,19,27,True,True
cuda_eager_bf16,cuda_sdpa_bf16,0,refund,short,natural,0.27909060688369974,1.4127847200487431,False,3,14,True,True
cuda_eager_bf16,cuda_sdpa_bf16,0,unknown,long,natural,1.030478615727239,0.9158895780709834,False,16,15,False,False
cuda_eager_bf16,cuda_sdpa_bf16,0,export,long,natural,0.9400027037233015,0.7665290369378337,True,27,27,True,True
cuda_eager_bf16,cuda_sdpa_bf16,0,price,short,fixed,1.0541078707376705,0.9064633975478218,False,128,128,,
cuda_eager_bf16,cuda_sdpa_bf16,0,price,long,fixed,0.9569767384691436,0.8511115062192242,False,128,128,,
cuda_eager_bf16,cuda_sdpa_bf16,0,price,short,natural,0.7770729926219241,0.617095464948816,True,22,22,True,True
cuda_eager_bf16,cuda_sdpa_bf16,0,export,short,natural,0.9479534255158559,0.7503232623340457,False,25,26,True,True
cuda_eager_bf16,cuda_sdpa_bf16,0,refund,long,natural,1.2671703831553665,0.8326595907386909,True,17,17,True,True
cuda_eager_bf16,cuda_sdpa_bf16,0,combined,short,natural,1.2954541264227626,0.7659933037452558,False,35,35,True,True
cuda_eager_bf16,cuda_sdpa_bf16,1,refund,short,natural,0.18011348497882249,0.8526204480403731,False,3,14,True,True
cuda_eager_bf16,cuda_sdpa_bf16,1,unknown,short,natural,0.8485329973856336,1.2895282392653273,True,5,5,True,True
cuda_eager_bf16,cuda_sdpa_bf16,1,combined,short,natural,1.0386947674450797,0.6549253791608358,False,35,35,True,True
cuda_eager_bf16,cuda_sdpa_bf16,1,price,short,natural,1.1517004805635596,0.8308518102184004,True,22,22,True,True
cuda_eager_bf16,cuda_sdpa_bf16,1,export,short,natural,1.4406047094196968,0.7794682171886237,False,25,26,True,True
cuda_eager_bf16,cuda_sdpa_bf16,1,combined,long,natural,1.0093961404507983,0.8751835191526511,True,32,32,True,True
cuda_eager_bf16,cuda_sdpa_bf16,1,price,long,natural,0.7138323819786973,0.8061914105826355,True,22,22,True,True
cuda_eager_bf16,cuda_sdpa_bf16,1,price,long,fixed,1.0667854637190652,0.7402862238637344,False,128,128,,
cuda_eager_bf16,cuda_sdpa_bf16,1,retention,short,natural,1.0438840111466083,0.8301836489793413,True,19,19,True,True
cuda_eager_bf16,cuda_sdpa_bf16,1,retention,long,natural,0.6528848476524222,0.7859745438530672,False,19,27,True,True
cuda_eager_bf16,cuda_sdpa_bf16,1,refund,long,natural,0.7679979870764911,0.6934432908075374,True,17,17,True,True
cuda_eager_bf16,cuda_sdpa_bf16,1,price,short,fixed,1.0109909302801237,0.8739223014719655,False,128,128,,
cuda_eager_bf16,cuda_sdpa_bf16,1,unknown,long,natural,0.8869304525533148,0.6423215780317737,False,16,15,False,False
cuda_eager_bf16,cuda_sdpa_bf16,1,export,long,natural,1.084892140626274,0.7414490208441548,True,27,27,True,True
cuda_eager_bf16,cuda_sdpa_bf16,2,price,short,natural,0.9407788251421688,0.7879601088377987,True,22,22,True,True
cuda_eager_bf16,cuda_sdpa_bf16,2,refund,long,natural,0.8553465254889101,0.8019814235361056,True,17,17,True,True
cuda_eager_bf16,cuda_sdpa_bf16,2,price,long,natural,0.9060526849588845,0.830307535977717,True,22,22,True,True
cuda_eager_bf16,cuda_sdpa_bf16,2,combined,long,natural,1.1786060581460138,0.9281881480148472,True,32,32,True,True
cuda_eager_bf16,cuda_sdpa_bf16,2,export,long,natural,1.0424317476649,0.8986683539738416,True,27,27,True,True
cuda_eager_bf16,cuda_sdpa_bf16,2,unknown,long,natural,0.7390982492622737,0.7947589956529431,False,16,15,False,False
cuda_eager_bf16,cuda_sdpa_bf16,2,price,short,fixed,0.762190606488366,0.9109049958804093,False,128,128,,
cuda_eager_bf16,cuda_sdpa_bf16,2,retention,short,natural,0.8557193160703778,0.9323729636180016,True,19,19,True,True
cuda_eager_bf16,cuda_sdpa_bf16,2,combined,short,natural,1.0883798762993846,1.2189451525160944,False,35,35,True,True
cuda_eager_bf16,cuda_sdpa_bf16,2,retention,long,natural,0.544584119968274,0.8713534202576952,False,19,27,True,True
cuda_eager_bf16,cuda_sdpa_bf16,2,price,long,fixed,0.8647419780104179,0.7834149447487364,False,128,128,,
cuda_eager_bf16,cuda_sdpa_bf16,2,export,short,natural,0.926212668064845,1.388191381499125,False,25,26,True,True
cuda_eager_bf16,cuda_sdpa_bf16,2,refund,short,natural,0.14964218913037386,0.9133861298405863,False,3,14,True,True
cuda_eager_bf16,cuda_sdpa_bf16,2,unknown,short,natural,0.9117489859938137,0.8244601316120286,True,5,5,True,True
cuda_eager_bf16,cuda_sdpa_bf16,3,price,long,natural,1.1210909311070894,0.8053122532176139,True,22,22,True,True
cuda_eager_bf16,cuda_sdpa_bf16,3,retention,long,natural,0.5538525594382651,0.745345845281783,False,19,27,True,True
cuda_eager_bf16,cuda_sdpa_bf16,3,refund,short,natural,0.24008439244840937,0.7013371839594619,False,3,14,True,True
cuda_eager_bf16,cuda_sdpa_bf16,3,retention,short,natural,0.6662993080890529,0.9054729002532945,True,19,19,True,True
cuda_eager_bf16,cuda_sdpa_bf16,3,unknown,short,natural,0.6737213028141236,0.6933735785953049,True,5,5,True,True
cuda_eager_bf16,cuda_sdpa_bf16,3,combined,short,natural,1.0562184748240508,0.7543868156693494,False,35,35,True,True
cuda_eager_bf16,cuda_sdpa_bf16,3,price,short,natural,0.8452197643065462,0.9180235771743832,True,22,22,True,True
cuda_eager_bf16,cuda_sdpa_bf16,3,combined,long,natural,0.6203995501727292,0.6668386017607915,True,32,32,True,True
cuda_eager_bf16,cuda_sdpa_bf16,3,export,short,natural,0.8068091525527079,0.8463276060127072,False,25,26,True,True
cuda_eager_bf16,cuda_sdpa_bf16,3,unknown,long,natural,1.1855009080434329,0.8509314685068762,False,16,15,False,False
cuda_eager_bf16,cuda_sdpa_bf16,3,price,short,fixed,1.013589566794538,1.177243819438029,False,128,128,,
cuda_eager_bf16,cuda_sdpa_bf16,3,refund,long,natural,0.6221299703650667,0.7546178655584092,True,17,17,True,True
cuda_eager_bf16,cuda_sdpa_bf16,3,export,long,natural,0.6998505855154225,0.7825600189069235,True,27,27,True,True
cuda_eager_bf16,cuda_sdpa_bf16,3,price,long,fixed,0.76763868331378,0.7912194616939887,False,128,128,,
cuda_eager_bf16,cuda_sdpa_bf16,4,price,short,natural,1.1115852798103425,1.2068688246571966,True,22,22,True,True
cuda_eager_bf16,cuda_sdpa_bf16,4,refund,short,natural,0.25687812055357506,1.0248449870688887,False,3,14,True,True
cuda_eager_bf16,cuda_sdpa_bf16,4,unknown,long,natural,1.0761163767462723,0.6879599475536028,False,16,15,False,False
cuda_eager_bf16,cuda_sdpa_bf16,4,retention,short,natural,0.8037051741261618,0.6767305827597865,True,19,19,True,True
cuda_eager_bf16,cuda_sdpa_bf16,4,price,long,fixed,0.9592824576991242,0.8761491398544319,False,128,128,,
cuda_eager_bf16,cuda_sdpa_bf16,4,unknown,short,natural,0.7641834327621945,0.9176606203488016,True,5,5,True,True
cuda_eager_bf16,cuda_sdpa_bf16,4,combined,short,natural,1.3642169093818297,0.8043995895082957,False,35,35,True,True
cuda_eager_bf16,cuda_sdpa_bf16,4,price,short,fixed,1.200214137670157,0.9446110519098487,False,128,128,,
cuda_eager_bf16,cuda_sdpa_bf16,4,export,long,natural,0.7828805210704449,0.845179054022411,True,27,27,True,True
cuda_eager_bf16,cuda_sdpa_bf16,4,retention,long,natural,0.7884828528268482,0.7728676054000128,False,19,27,True,True
cuda_eager_bf16,cuda_sdpa_bf16,4,price,long,natural,0.8515383348004841,0.6744449463644894,True,22,22,True,True
cuda_eager_bf16,cuda_sdpa_bf16,4,refund,long,natural,1.0033080431433772,0.920797953535056,True,17,17,True,True
cuda_eager_bf16,cuda_sdpa_bf16,4,export,short,natural,0.9439111218705836,0.8838758020450512,False,25,26,True,True
cuda_eager_bf16,cuda_sdpa_bf16,4,combined,long,natural,0.9905563303078807,0.8396177967512524,True,32,32,True,True
cuda_eager_bf16,cuda_sdpa_bf16,5,retention,short,natural,1.804233722704571,0.9590806463469191,True,19,19,True,True
cuda_eager_bf16,cuda_sdpa_bf16,5,unknown,long,natural,1.2046824310403659,0.761272511596358,False,16,15,False,False
cuda_eager_bf16,cuda_sdpa_bf16,5,combined,short,natural,1.681659361227491,0.6408269584019943,False,35,35,True,True
cuda_eager_bf16,cuda_sdpa_bf16,5,price,long,fixed,1.1565678537194837,0.7405958017874229,False,128,128,,
cuda_eager_bf16,cuda_sdpa_bf16,5,combined,long,natural,0.9431426454773827,0.7266462722704441,True,32,32,True,True
cuda_eager_bf16,cuda_sdpa_bf16,5,refund,long,natural,0.7600290021373421,0.7893721349650765,True,17,17,True,True
cuda_eager_bf16,cuda_sdpa_bf16,5,unknown,short,natural,1.8008499050260613,0.9293550492903595,True,5,5,True,True
cuda_eager_bf16,cuda_sdpa_bf16,5,retention,long,natural,0.686180313957894,0.8127377162451194,False,19,27,True,True
cuda_eager_bf16,cuda_sdpa_bf16,5,export,long,natural,1.0969795145458292,0.8054364440498046,True,27,27,True,True
cuda_eager_bf16,cuda_sdpa_bf16,5,export,short,natural,1.0395164289068706,1.0581455428674025,False,25,26,True,True
cuda_eager_bf16,cuda_sdpa_bf16,5,price,short,natural,1.1176459208969078,0.9242918562436289,True,22,22,True,True
cuda_eager_bf16,cuda_sdpa_bf16,5,refund,short,natural,0.19957878410568633,0.9819346585065102,False,3,14,True,True
cuda_eager_bf16,cuda_sdpa_bf16,5,price,long,natural,0.9780915923417544,0.8562400026104785,True,22,22,True,True
cuda_eager_bf16,cuda_sdpa_bf16,5,price,short,fixed,1.0831067983917955,0.9377423280933167,False,128,128,,
cuda_eager_bf16,cuda_sdpa_bf16,6,price,short,fixed,0.8772367720277972,0.6592403009799633,False,128,128,,
cuda_eager_bf16,cuda_sdpa_bf16,6,price,long,fixed,1.0911738431144344,0.7854370837067959,False,128,128,,
cuda_eager_bf16,cuda_sdpa_bf16,6,retention,long,natural,0.930788916530591,0.7389619557219652,False,19,27,True,True
cuda_eager_bf16,cuda_sdpa_bf16,6,combined,long,natural,1.0541931756257132,0.7911060344704077,True,32,32,True,True
cuda_eager_bf16,cuda_sdpa_bf16,6,export,short,natural,1.086666578193791,0.9027906760390175,False,25,26,True,True
cuda_eager_bf16,cuda_sdpa_bf16,6,price,long,natural,0.7108718596331206,0.8061401291943355,True,22,22,True,True
cuda_eager_bf16,cuda_sdpa_bf16,6,refund,long,natural,1.3587632136332675,0.898553354972133,True,17,17,True,True
cuda_eager_bf16,cuda_sdpa_bf16,6,unknown,short,natural,1.0040237491934674,0.8837437167006605,True,5,5,True,True
cuda_eager_bf16,cuda_sdpa_bf16,6,price,short,natural,1.209457827976645,0.6344077802953608,True,22,22,True,True
cuda_eager_bf16,cuda_sdpa_bf16,6,unknown,long,natural,1.0565888379881168,0.881908349917335,False,16,15,False,False
cuda_eager_bf16,cuda_sdpa_bf16,6,combined,short,natural,1.3418895497019816,0.6978738582410419,False,35,35,True,True
cuda_eager_bf16,cuda_sdpa_bf16,6,export,long,natural,1.0850555204903056,0.817426163423129,True,27,27,True,True
cuda_eager_bf16,cuda_sdpa_bf16,6,retention,short,natural,1.2710268789233206,0.9223524363230173,True,19,19,True,True
cuda_eager_bf16,cuda_sdpa_bf16,6,refund,short,natural,0.4400818796473272,1.1507690397264378,False,3,14,True,True
cuda_eager_bf16,cuda_sdpa_bf16,7,combined,long,natural,0.9570886183499843,0.8020357229634144,True,32,32,True,True
cuda_eager_bf16,cuda_sdpa_bf16,7,price,short,fixed,0.8859695179226126,0.8707505860583541,False,128,128,,
cuda_eager_bf16,cuda_sdpa_bf16,7,retention,short,natural,1.156930384856168,0.9477129382938893,True,19,19,True,True
cuda_eager_bf16,cuda_sdpa_bf16,7,unknown,short,natural,0.6571427434325796,0.9260781383735125,True,5,5,True,True
cuda_eager_bf16,cuda_sdpa_bf16,7,combined,short,natural,0.9412606558783756,0.9109460893392444,False,35,35,True,True
cuda_eager_bf16,cuda_sdpa_bf16,7,price,long,natural,1.0426616245926759,0.8490548155943209,True,22,22,True,True
cuda_eager_bf16,cuda_sdpa_bf16,7,retention,long,natural,0.6126495165996082,0.8737528460469727,False,19,27,True,True
cuda_eager_bf16,cuda_sdpa_bf16,7,price,short,natural,1.216527935698794,0.9174481377325618,True,22,22,True,True
cuda_eager_bf16,cuda_sdpa_bf16,7,export,long,natural,0.9486556106975953,0.8369675279555805,True,27,27,True,True
cuda_eager_bf16,cuda_sdpa_bf16,7,unknown,long,natural,1.0093079509781393,0.8112348344908404,False,16,15,False,False
cuda_eager_bf16,cuda_sdpa_bf16,7,export,short,natural,0.905014751422651,0.8850031941555776,False,25,26,True,True
cuda_eager_bf16,cuda_sdpa_bf16,7,price,long,fixed,0.9490909867300938,0.7812982891588295,False,128,128,,
cuda_eager_bf16,cuda_sdpa_bf16,7,refund,long,natural,0.9425663041645543,0.7222680483679268,True,17,17,True,True
cuda_eager_bf16,cuda_sdpa_bf16,7,refund,short,natural,0.2146397892593511,0.6311068432837639,False,3,14,True,True
cuda_eager_bf16,cuda_sdpa_bf16,8,price,short,natural,1.1499941941823215,0.8914845923890101,True,22,22,True,True
cuda_eager_bf16,cuda_sdpa_bf16,8,combined,short,natural,0.8617172704594416,0.9282789153274726,False,35,35,True,True
cuda_eager_bf16,cuda_sdpa_bf16,8,unknown,long,natural,0.9398138358337085,0.8280560123208551,False,16,15,False,False
cuda_eager_bf16,cuda_sdpa_bf16,8,combined,long,natural,0.9207334147287041,0.7922450661995246,True,32,32,True,True
cuda_eager_bf16,cuda_sdpa_bf16,8,price,long,natural,1.0325781136777992,0.7130217291087521,True,22,22,True,True
cuda_eager_bf16,cuda_sdpa_bf16,8,refund,short,natural,0.2562611486793859,0.8798046129078047,False,3,14,True,True
cuda_eager_bf16,cuda_sdpa_bf16,8,refund,long,natural,1.1956023246485559,0.9078034605953897,True,17,17,True,True
cuda_eager_bf16,cuda_sdpa_bf16,8,retention,long,natural,0.5927555759006563,0.7112860578425002,False,19,27,True,True
cuda_eager_bf16,cuda_sdpa_bf16,8,price,short,fixed,1.0107887418956796,0.8255303937016449,False,128,128,,
cuda_eager_bf16,cuda_sdpa_bf16,8,price,long,fixed,1.0210231892081045,0.9018971557185124,False,128,128,,
cuda_eager_bf16,cuda_sdpa_bf16,8,retention,short,natural,0.9495651354225196,0.9246920304190052,True,19,19,True,True
cuda_eager_bf16,cuda_sdpa_bf16,8,export,long,natural,0.7879804550616327,0.6941092752403748,True,27,27,True,True
cuda_eager_bf16,cuda_sdpa_bf16,8,unknown,short,natural,0.7812711981011333,0.9326074402510958,True,5,5,True,True
cuda_eager_bf16,cuda_sdpa_bf16,8,export,short,natural,0.7308876201390984,0.6072916218428919,False,25,26,True,True
cuda_eager_bf16,cuda_sdpa_bf16,9,export,long,natural,0.9424789880599291,0.8244800888932315,True,27,27,True,True
cuda_eager_bf16,cuda_sdpa_bf16,9,combined,long,natural,0.7697340623755518,0.8778474663992405,True,32,32,True,True
cuda_eager_bf16,cuda_sdpa_bf16,9,retention,short,natural,0.7409418817095933,0.6963732073158637,True,19,19,True,True
cuda_eager_bf16,cuda_sdpa_bf16,9,unknown,long,natural,1.1233716799543778,0.8013596734771627,False,16,15,False,False
cuda_eager_bf16,cuda_sdpa_bf16,9,refund,short,natural,0.24506847764228415,0.5944589810989767,False,3,14,True,True
cuda_eager_bf16,cuda_sdpa_bf16,9,price,long,fixed,0.9939014776995172,0.7826034832816193,False,128,128,,
cuda_eager_bf16,cuda_sdpa_bf16,9,unknown,short,natural,1.0448946115085578,1.17135659943114,True,5,5,True,True
cuda_eager_bf16,cuda_sdpa_bf16,9,refund,long,natural,0.9444496334721099,0.7594016140013183,True,17,17,True,True
cuda_eager_bf16,cuda_sdpa_bf16,9,export,short,natural,0.7724865745716231,0.6767845504208538,False,25,26,True,True
cuda_eager_bf16,cuda_sdpa_bf16,9,price,long,natural,1.6193828093515514,0.6866667727992256,True,22,22,True,True
cuda_eager_bf16,cuda_sdpa_bf16,9,combined,short,natural,1.0686020033245747,0.6516948432801287,False,35,35,True,True
cuda_eager_bf16,cuda_sdpa_bf16,9,price,short,fixed,1.2117324485696983,1.2198156360991719,False,128,128,,
cuda_eager_bf16,cuda_sdpa_bf16,9,price,short,natural,1.2945347222180705,0.9269186598750796,True,22,22,True,True
cuda_eager_bf16,cuda_sdpa_bf16,9,retention,long,natural,0.7220069455435046,0.6940371935434867,False,19,27,True,True
