baseline,candidate,context,mode,pairs,median_paired_total_speedup,min_paired_total_speedup,max_paired_total_speedup,identical_outputs
cuda_eager_bf16,cuda_cudnn_bf16,long,fixed,3,0.2639221457450603,0.2567723593835294,0.2777723876134849,0
cuda_eager_bf16,cuda_cudnn_bf16,long,natural,18,0.6947759524811588,0.14146069960702773,1.189039138114667,12
cuda_eager_bf16,cuda_cudnn_bf16,short,fixed,3,0.1532204726003053,0.1525760157338979,0.18812245141760614,0
cuda_eager_bf16,cuda_cudnn_bf16,short,natural,18,0.2270799033243646,0.023196070627825267,1.3041176683044526,9
cuda_eager_bf16,cuda_sdpa_bf16,long,fixed,3,0.9751125084709578,0.9287615263312955,1.070641056112717,0
cuda_eager_bf16,cuda_sdpa_bf16,long,natural,18,0.952534195472122,0.6741955224513135,1.1322016004245912,12
cuda_eager_bf16,cuda_sdpa_bf16,short,fixed,3,1.0364742734007508,0.8653103831059027,1.1181998405516482,0
cuda_eager_bf16,cuda_sdpa_bf16,short,natural,18,0.9020393230826979,0.17152818880844073,1.3240288607045114,9
cuda_sdpa_bf16,cuda_cudnn_bf16,long,fixed,3,0.2633258799911877,0.2594449241672281,0.28416567467817083,1
cuda_sdpa_bf16,cuda_cudnn_bf16,long,natural,18,0.786303445377198,0.1304618340462011,1.1044556101998444,18
cuda_sdpa_bf16,cuda_cudnn_bf16,short,fixed,3,0.1770699573144416,0.1364478961637364,0.18150228736537966,3
cuda_sdpa_bf16,cuda_cudnn_bf16,short,natural,18,0.2660496768815479,0.12570716009731972,1.4010342491315446,18
