variant,context,mode,requests,unique_questions,output_tokens_min,output_tokens_max,input_tokens_min,input_tokens_max,token_limit_hits,client_first_text_ms_median,client_first_text_ms_p95,client_total_ms_median,client_total_ms_p95,server_first_token_ms_median,server_first_token_ms_p95,retrieval_ms_median,retrieval_ms_p95,tokenize_transfer_ms_median,tokenize_transfer_ms_p95,generation_ms_median,generation_ms_p95,queue_ms_median,queue_ms_p95,peak_allocated_mib_max,peak_extra_mib_max,fact_check_pass_requests,fact_check_all_trials_pass_questions
cpu_eager_fp32,long,fixed,1,1,32,32,980,980,1,8064.980300026946,8064.980300026946,17183.933700085618,17183.933700085618,8042.699499987066,8042.699499987066,0.12499990407377481,0.12499990407377481,1.636900007724762,1.636900007724762,17159.90480000619,17159.90480000619,0.001800013706088066,0.001800013706088066,,,,
cpu_eager_fp32,long,natural,1,1,22,22,980,980,0,8064.12310001906,8064.12310001906,14309.562499984168,14309.562499984168,8038.160500000231,8038.160500000231,0.2576999831944704,0.2576999831944704,1.7077000811696053,1.7077000811696053,14281.423199921846,14281.423199921846,0.002800021320581436,0.002800021320581436,,,1,1
cpu_eager_fp32,short,fixed,1,1,32,32,403,403,1,3427.099399967119,3427.099399967119,11985.385800013319,11985.385800013319,3425.5933999083936,3425.5933999083936,0.11539994738996029,0.11539994738996029,0.8721000049263239,0.8721000049263239,11982.882600044832,11982.882600044832,0.000800006091594696,0.000800006091594696,,,,
cpu_eager_fp32,short,natural,1,1,22,22,403,403,0,3424.3100999156013,3424.3100999156013,9159.66139989905,9159.66139989905,3400.7623000070453,3400.7623000070453,0.12450001668184996,0.12450001668184996,0.9787000017240644,0.9787000017240644,9135.106300003827,9135.106300003827,0.001400010660290718,0.001400010660290718,,,1,1
cpu_eager_int8,long,fixed,1,1,32,32,980,980,1,2558.9534000027925,2558.9534000027925,5342.449999996461,5342.449999996461,2457.9300999175757,2457.9300999175757,0.13409997336566448,0.13409997336566448,1.6505999956279993,1.6505999956279993,5339.10179999657,5339.10179999657,0.000800006091594696,0.000800006091594696,,,,
cpu_eager_int8,long,natural,1,1,64,64,980,980,1,2592.37840003334,2592.37840003334,8365.534599986859,8365.534599986859,2472.0944000873715,2472.0944000873715,0.1680999994277954,0.1680999994277954,1.7178000416606665,1.7178000416606665,8342.477099969983,8342.477099969983,0.001500011421740055,0.001500011421740055,,,0,0
cpu_eager_int8,short,fixed,1,1,32,32,403,403,1,795.0340999523178,795.0340999523178,3120.6341999350116,3120.6341999350116,773.1471000006422,773.1471000006422,0.23549993056803942,0.23549993056803942,0.911500072106719,0.911500072106719,3097.517899936065,3097.517899936065,0.001700012944638729,0.001700012944638729,,,,
cpu_eager_int8,short,natural,1,1,64,64,403,403,1,836.4492999389768,836.4492999389768,5690.237700007856,5690.237700007856,813.4981000330299,813.4981000330299,0.13149995356798172,0.13149995356798172,0.9427000768482685,0.9427000768482685,5666.307899984531,5666.307899984531,0.001400010660290718,0.001400010660290718,,,0,0
cuda_eager_fp16,long,fixed,1,1,32,32,980,980,1,985.5870000319555,985.5870000319555,986.4572000224143,986.4572000224143,115.49089988693595,115.49089988693595,0.11620006989687681,0.11620006989687681,1.7110999906435609,1.7110999906435609,983.0108999740332,983.0108999740332,0.0006998889148235321,0.0006998889148235321,3088.94873046875,134.53125,,
cuda_eager_fp16,long,natural,1,1,64,64,980,980,1,2112.353299977258,2112.353299977258,2112.8646000288427,2112.8646000288427,115.54040003102273,115.54040003102273,0.11939997784793377,0.11939997784793377,1.8261000514030457,1.8261000514030457,2095.2222000341862,2095.2222000341862,0.000900006853044033,0.000900006853044033,3088.94873046875,134.53125,0,0
cuda_eager_fp16,short,fixed,1,1,32,32,403,403,1,1055.511699989438,1055.511699989438,1055.9485999401659,1055.9485999401659,47.44430002756417,47.44430002756417,0.10569998994469643,0.10569998994469643,0.9163999930024147,0.9163999930024147,1053.7017000606284,1053.7017000606284,0.000500003807246685,0.000500003807246685,2997.32666015625,42.91796875,,
cuda_eager_fp16,short,natural,1,1,64,64,403,403,1,2010.7150999829173,2010.7150999829173,2011.151000042446,2011.151000042446,49.65139995329082,49.65139995329082,0.11229992378503084,0.11229992378503084,1.1412000749260187,1.1412000749260187,1993.991700001061,1993.991700001061,0.000800006091594696,0.000800006091594696,2997.32666015625,42.91796875,0,0
cuda_sdpa_fp16,long,fixed,1,1,32,32,980,980,1,164.00750004686415,164.00750004686415,1219.9580000014976,1219.9580000014976,162.70350001286715,162.70350001286715,0.1686000032350421,0.1686000032350421,1.6500999918207526,1.6500999918207526,1216.5885000722483,1216.5885000722483,0.001300009898841381,0.001300009898841381,3121.65869140625,167.2412109375,,
cuda_sdpa_fp16,long,natural,1,1,22,22,980,980,0,175.44889997225255,175.44889997225255,900.1813000068069,900.1813000068069,163.44860009849072,163.44860009849072,0.26860006619244814,0.26860006619244814,1.8342999974265695,1.8342999974265695,885.8971000881866,885.8971000881866,0.001800013706088066,0.001800013706088066,3121.65869140625,167.2412109375,1,1
cuda_sdpa_fp16,short,fixed,1,1,32,32,403,403,1,79.55730007961392,79.55730007961392,1364.8847000440583,1364.8847000440583,54.673300008289516,54.673300008289516,0.11650007218122482,0.11650007218122482,1.1623000027611852,1.1623000027611852,1338.5255000321195,1338.5255000321195,0.001100008375942707,0.001100008375942707,3000.3642578125,45.95556640625,,
cuda_sdpa_fp16,short,natural,1,1,22,22,403,403,0,69.91009996272624,69.91009996272624,701.4791999245062,701.4791999245062,56.20039999485016,56.20039999485016,0.2590999938547611,0.2590999938547611,1.2360999826341867,1.2360999826341867,686.1191999632865,686.1191999632865,0.002100015990436077,0.002100015990436077,3000.3642578125,45.95556640625,1,1
