device,mode,batch,heads,length,head_dim,dtype,backend,trial,seed,items_per_request,status,reason,median_ms,p95_ms,peak_extra_mib,max_abs_error,relative_l2_error,warnings
cuda,prefill,1,4,256,64,float32,sdpa_cudnn,0,2026,256,unsupported,No available kernel. Aborting execution.,,,,,,
cuda,prefill,1,4,256,64,float16,sdpa_efficient,0,2026,256,ok,,0.04965,0.0575,0.125,0.0012012124061584473,0.0004003897192887962,
cuda,prefill,1,4,256,64,float32,sdpa_efficient,0,2026,256,ok,,0.0814,0.0946,0.25,1.430511474609375e-06,4.719662740626518e-07,
cuda,prefill,1,4,256,64,float16,sdpa_cudnn,0,2026,256,ok,,0.08685,0.1292,0.1259765625,0.0012012124061584473,0.0004003562789876014,
cuda,prefill,1,4,256,64,float16,eager,0,2026,256,ok,,0.2137,0.2453,1.1875,0.0016894936561584473,0.0005290351691655815,
cuda,prefill,1,4,256,64,float32,sdpa_auto,0,2026,256,ok,,0.0556,0.0716,0.25,1.430511474609375e-06,4.719662740626518e-07,
cuda,prefill,1,4,256,64,float16,sdpa_auto,0,2026,256,ok,,0.041749999999999995,0.0477,0.125,0.0012012124061584473,0.0004003897192887962,
cuda,prefill,1,4,256,64,float32,sdpa_math,0,2026,256,ok,,0.2952,0.3302,2.75146484375,3.5762786865234375e-07,1.6535803126771498e-07,
cuda,prefill,1,4,256,64,float32,eager,0,2026,256,ok,,0.2081,0.2307,2.3125,0.0,0.0,
cuda,prefill,1,4,256,64,float32,sdpa_flash,0,2026,256,unsupported,No available kernel. Aborting execution.,,,,,,
cuda,prefill,1,4,256,64,float16,sdpa_math,0,2026,256,ok,,0.3542,0.3862,3.50146484375,0.0012012124061584473,0.0003772206255234778,
cuda,prefill,1,4,256,64,float16,sdpa_flash,0,2026,256,unsupported,No available kernel. Aborting execution.,,,,,,
cuda,decode,1,4,256,64,float16,sdpa_math,0,2026,1,ok,,0.2004,0.2452,0.755859375,0.00017717480659484863,0.000460931594716385,
cuda,decode,1,4,256,64,float32,sdpa_math,0,2026,1,ok,,0.15265,0.1748,0.2548828125,8.940696716308594e-08,2.0629211405776005e-07,
cuda,decode,1,4,256,64,float16,sdpa_cudnn,0,2026,1,ok,,0.10135,0.1451,0.00146484375,0.00017717480659484863,0.00046717043733224273,
cuda,decode,1,4,256,64,float32,eager,0,2026,1,ok,,0.20035,0.2503,0.0087890625,0.0,0.0,
cuda,decode,1,4,256,64,float16,sdpa_flash,0,2026,1,unsupported,No available kernel. Aborting execution.,,,,,,
cuda,decode,1,4,256,64,float16,sdpa_auto,0,2026,1,ok,,0.0621,0.174,0.00048828125,0.00017717480659484863,0.00046717043733224273,
cuda,decode,1,4,256,64,float32,sdpa_auto,0,2026,1,ok,,0.0766,0.1295,0.0009765625,1.7881393432617188e-07,6.033302497598925e-07,
cuda,decode,1,4,256,64,float32,sdpa_efficient,0,2026,1,ok,,0.09175,0.1371,0.0009765625,1.7881393432617188e-07,6.033302497598925e-07,
cuda,decode,1,4,256,64,float16,eager,0,2026,1,ok,,0.0774,0.0966,0.00439453125,0.0002521723508834839,0.0007140827365219593,
cuda,decode,1,4,256,64,float32,sdpa_flash,0,2026,1,unsupported,No available kernel. Aborting execution.,,,,,,
cuda,decode,1,4,256,64,float32,sdpa_cudnn,0,2026,1,unsupported,No available kernel. Aborting execution.,,,,,,
cuda,decode,1,4,256,64,float16,sdpa_efficient,0,2026,1,ok,,0.07500000000000001,0.0923,0.00048828125,0.00017717480659484863,0.00046717043733224273,
cuda,prefill,1,4,2048,64,float16,eager,0,2026,2048,ok,,1.1638,1.1738,72.0,0.0017365217208862305,0.0005836321506649256,
cuda,prefill,1,4,2048,64,float32,sdpa_cudnn,0,2026,2048,unsupported,No available kernel. Aborting execution.,,,,,,
cuda,prefill,1,4,2048,64,float32,eager,0,2026,2048,ok,,2.33365,2.344,136.0,0.0,0.0,
cuda,prefill,1,4,2048,64,float32,sdpa_auto,0,2026,2048,ok,,0.54795,0.6005,2.0,1.7881393432617188e-06,6.352308332679968e-07,
cuda,prefill,1,4,2048,64,float16,sdpa_math,0,2026,2048,ok,,2.66835,2.7549,168.00830078125,0.0013051033020019531,0.0003969520330429077,
cuda,prefill,1,4,2048,64,float16,sdpa_cudnn,0,2026,2048,ok,,0.1535,0.1577,1.0009765625,0.0013051033020019531,0.00042325403774157166,
cuda,prefill,1,4,2048,64,float32,sdpa_flash,0,2026,2048,unsupported,No available kernel. Aborting execution.,,,,,,
cuda,prefill,1,4,2048,64,float16,sdpa_flash,0,2026,2048,unsupported,No available kernel. Aborting execution.,,,,,,
cuda,prefill,1,4,2048,64,float32,sdpa_efficient,0,2026,2048,ok,,0.5085999999999999,0.5542,2.0,1.7881393432617188e-06,6.352308332679968e-07,
cuda,prefill,1,4,2048,64,float16,sdpa_efficient,0,2026,2048,ok,,0.2084,0.2181,1.0,0.0013051033020019531,0.0004232337523717433,
cuda,prefill,1,4,2048,64,float16,sdpa_auto,0,2026,2048,ok,,0.19445,0.1992,1.0,0.0013051033020019531,0.0004232337523717433,
cuda,prefill,1,4,2048,64,float32,sdpa_math,0,2026,2048,ok,,2.5209,2.5293,162.00830078125,3.5762786865234375e-07,2.2313483327707218e-07,
cuda,prefill,4,4,256,64,float16,sdpa_cudnn,0,2026,1024,ok,,0.0623,0.0677,0.5009765625,0.0014340877532958984,0.000402019708417356,
cuda,prefill,4,4,256,64,float32,sdpa_auto,0,2026,1024,ok,,0.065,0.085,1.0,1.7881393432617188e-06,4.6532963438039587e-07,
cuda,prefill,4,4,256,64,float16,sdpa_auto,0,2026,1024,ok,,0.0352,0.041,0.5,0.0014340877532958984,0.00040198760689236224,
cuda,prefill,4,4,256,64,float32,eager,0,2026,1024,ok,,0.1576,0.1846,9.0625,0.0,0.0,
cuda,prefill,4,4,256,64,float32,sdpa_flash,0,2026,1024,unsupported,No available kernel. Aborting execution.,,,,,,
cuda,prefill,4,4,256,64,float16,sdpa_efficient,0,2026,1024,ok,,0.051250000000000004,0.0547,0.5,0.0014340877532958984,0.00040198760689236224,
cuda,prefill,4,4,256,64,float32,sdpa_efficient,0,2026,1024,ok,,0.0822,0.099,1.0,1.7881393432617188e-06,4.6532963438039587e-07,
cuda,prefill,4,4,256,64,float16,sdpa_flash,0,2026,1024,unsupported,No available kernel. Aborting execution.,,,,,,
cuda,prefill,4,4,256,64,float32,sdpa_math,0,2026,1024,ok,,0.21350000000000002,0.2688,10.25439453125,4.76837158203125e-07,1.6461655150123988e-07,
cuda,prefill,4,4,256,64,float16,eager,0,2026,1024,ok,,0.1432,0.1998,4.5625,0.0019690990447998047,0.0005278290482237935,
cuda,prefill,4,4,256,64,float16,sdpa_math,0,2026,1024,ok,,0.26544999999999996,0.4025,13.25439453125,0.0014340877532958984,0.00037928385427221656,
cuda,prefill,4,4,256,64,float32,sdpa_cudnn,0,2026,1024,unsupported,No available kernel. Aborting execution.,,,,,,
cuda,decode,4,4,1024,64,float32,sdpa_flash,0,2026,4,unsupported,No available kernel. Aborting execution.,,,,,,
cuda,decode,4,4,1024,64,float32,sdpa_auto,0,2026,4,ok,,0.1363,0.1492,0.00390625,1.862645149230957e-07,6.963807095416996e-07,
cuda,decode,4,4,1024,64,float32,sdpa_cudnn,0,2026,4,unsupported,No available kernel. Aborting execution.,,,,,,
cuda,decode,4,4,1024,64,float32,sdpa_math,0,2026,4,ok,,0.21605000000000002,0.2421,4.06640625,4.0978193283081055e-08,2.0565273928241368e-07,
cuda,decode,4,4,1024,64,float32,eager,0,2026,4,ok,,0.07545,0.0826,0.12890625,0.0,0.0,
cuda,decode,4,4,1024,64,float16,sdpa_efficient,0,2026,4,ok,,0.0778,0.0807,0.001953125,9.895861148834229e-05,0.0004818829183932394,
cuda,decode,4,4,1024,64,float16,sdpa_flash,0,2026,4,unsupported,No available kernel. Aborting execution.,,,,,,
cuda,decode,4,4,1024,64,float16,sdpa_math,0,2026,4,ok,,0.1933,0.207,12.0703125,9.895861148834229e-05,0.00044101750245317817,
cuda,decode,4,4,1024,64,float16,sdpa_cudnn,0,2026,4,ok,,0.0703,0.077,0.01953125,9.895861148834229e-05,0.0004840408219024539,
cuda,decode,4,4,1024,64,float32,sdpa_efficient,0,2026,4,ok,,0.13755,0.1786,0.00390625,1.862645149230957e-07,6.963807095416996e-07,
cuda,decode,4,4,1024,64,float16,sdpa_auto,0,2026,4,ok,,0.0627,0.0645,0.001953125,9.895861148834229e-05,0.0004818829183932394,
cuda,decode,4,4,1024,64,float16,eager,0,2026,4,ok,,0.08099999999999999,0.1017,0.064453125,0.0001094229519367218,0.000642346334643662,
cuda,prefill,4,4,1024,64,float32,sdpa_cudnn,0,2026,4096,unsupported,No available kernel. Aborting execution.,,,,,,
cuda,prefill,4,4,1024,64,float32,sdpa_efficient,0,2026,4096,ok,,0.4387,0.4706,4.0,1.7881393432617188e-06,5.688619921784266e-07,
cuda,prefill,4,4,1024,64,float32,sdpa_auto,0,2026,4096,ok,,0.43955,0.4582,4.0,1.7881393432617188e-06,5.688619921784266e-07,
cuda,prefill,4,4,1024,64,float32,eager,0,2026,4096,ok,,2.37775,2.481,133.0,0.0,0.0,
cuda,prefill,4,4,1024,64,float16,sdpa_efficient,0,2026,4096,ok,,0.22444999999999998,0.2378,2.0,0.001377105712890625,0.00041661589057184756,
cuda,prefill,4,4,1024,64,float32,sdpa_flash,0,2026,4096,unsupported,No available kernel. Aborting execution.,,,,,,
cuda,prefill,4,4,1024,64,float16,sdpa_flash,0,2026,4096,unsupported,No available kernel. Aborting execution.,,,,,,
cuda,prefill,4,4,1024,64,float16,sdpa_math,0,2026,4096,ok,,2.5591,2.5933,164.01611328125,0.001377105712890625,0.0003891262167599052,
cuda,prefill,4,4,1024,64,float16,eager,0,2026,4096,ok,,1.1044,1.1146,67.0,0.001873016357421875,0.0005573761300183833,
cuda,prefill,4,4,1024,64,float32,sdpa_math,0,2026,4096,ok,,2.2593,2.2888,152.01611328125,5.960464477539062e-07,2.0228928576671024e-07,
cuda,prefill,4,4,1024,64,float16,sdpa_auto,0,2026,4096,ok,,0.2158,0.232,2.0,0.001377105712890625,0.00041661589057184756,
cuda,prefill,4,4,1024,64,float16,sdpa_cudnn,0,2026,4096,ok,,0.14825,0.1547,2.0009765625,0.001377105712890625,0.0004165733407717198,
cuda,decode,1,4,1024,64,float32,eager,0,2026,1,ok,,0.12619999999999998,0.1397,0.0322265625,0.0,0.0,
cuda,decode,1,4,1024,64,float16,sdpa_cudnn,0,2026,1,ok,,0.1143,0.1238,0.009765625,7.83875584602356e-05,0.0004414251889102161,
cuda,decode,1,4,1024,64,float32,sdpa_math,0,2026,1,ok,,0.3913,0.407,1.0166015625,4.470348358154297e-08,2.0464150907173462e-07,
cuda,decode,1,4,1024,64,float32,sdpa_flash,0,2026,1,unsupported,No available kernel. Aborting execution.,,,,,,
cuda,decode,1,4,1024,64,float16,sdpa_flash,0,2026,1,unsupported,No available kernel. Aborting execution.,,,,,,
cuda,decode,1,4,1024,64,float32,sdpa_auto,0,2026,1,ok,,0.15139999999999998,0.1749,0.0009765625,1.1175870895385742e-07,6.77399384585442e-07,
cuda,decode,1,4,1024,64,float32,sdpa_cudnn,0,2026,1,unsupported,No available kernel. Aborting execution.,,,,,,
cuda,decode,1,4,1024,64,float16,eager,0,2026,1,ok,,0.0854,0.1303,0.01611328125,0.00011278688907623291,0.0006283923285081983,
cuda,decode,1,4,1024,64,float32,sdpa_efficient,0,2026,1,ok,,0.1347,0.1552,0.0009765625,1.1175870895385742e-07,6.77399384585442e-07,
cuda,decode,1,4,1024,64,float16,sdpa_auto,0,2026,1,ok,,0.0597,0.0653,0.00048828125,7.83875584602356e-05,0.0004607654409483075,
cuda,decode,1,4,1024,64,float16,sdpa_math,0,2026,1,ok,,0.20395,0.2555,3.017578125,7.83875584602356e-05,0.0004204169672448188,
cuda,decode,1,4,1024,64,float16,sdpa_efficient,0,2026,1,ok,,0.0759,0.0868,0.00048828125,7.83875584602356e-05,0.0004607654409483075,
cuda,decode,4,4,2048,64,float16,sdpa_math,0,2026,4,ok,,0.2101,0.238,24.1328125,6.264448165893555e-05,0.0004229492333251983,
cuda,decode,4,4,2048,64,float16,eager,0,2026,4,ok,,0.09204999999999999,0.1228,0.126953125,0.00016731023788452148,0.0007695572567172348,
cuda,decode,4,4,2048,64,float32,sdpa_auto,0,2026,4,ok,,0.22105,0.246,0.00390625,1.2665987014770508e-07,7.561642405562452e-07,
cuda,decode,4,4,2048,64,float16,sdpa_cudnn,0,2026,4,ok,,0.0784,0.1122,0.01953125,6.097555160522461e-05,0.000454804947366938,
cuda,decode,4,4,2048,64,float16,sdpa_flash,0,2026,4,unsupported,No available kernel. Aborting execution.,,,,,,
cuda,decode,4,4,2048,64,float32,sdpa_cudnn,0,2026,4,unsupported,No available kernel. Aborting execution.,,,,,,
cuda,decode,4,4,2048,64,float32,sdpa_math,0,2026,4,ok,,0.1729,0.2111,8.12890625,3.3527612686157227e-08,2.467250226345641e-07,
cuda,decode,4,4,2048,64,float16,sdpa_auto,0,2026,4,ok,,0.10345,0.1189,0.001953125,7.876008749008179e-05,0.00048126716865226626,
cuda,decode,4,4,2048,64,float32,eager,0,2026,4,ok,,0.08095,0.1094,0.25390625,0.0,0.0,
cuda,decode,4,4,2048,64,float16,sdpa_efficient,0,2026,4,ok,,0.11685000000000001,0.1395,0.001953125,7.876008749008179e-05,0.00048126716865226626,
cuda,decode,4,4,2048,64,float32,sdpa_efficient,0,2026,4,ok,,0.23595,0.2549,0.00390625,1.2665987014770508e-07,7.561642405562452e-07,
cuda,decode,4,4,2048,64,float32,sdpa_flash,0,2026,4,unsupported,No available kernel. Aborting execution.,,,,,,
cuda,decode,4,4,256,64,float16,eager,0,2026,4,ok,,0.0807,0.107,0.017578125,0.00035011768341064453,0.0006161145283840597,
cuda,decode,4,4,256,64,float32,sdpa_auto,0,2026,4,ok,,0.04335,0.0583,0.00390625,5.960464477539062e-07,7.449597205777536e-07,
cuda,decode,4,4,256,64,float32,sdpa_math,0,2026,4,ok,,0.15205,0.1886,1.01953125,2.384185791015625e-07,2.387993163210922e-07,
cuda,decode,4,4,256,64,float32,eager,0,2026,4,ok,,0.07725,0.0911,0.03515625,0.0,0.0,
cuda,decode,4,4,256,64,float16,sdpa_cudnn,0,2026,4,ok,,0.0933,0.1096,0.0029296875,0.00017274916172027588,0.0004382500774227083,
cuda,decode,4,4,256,64,float16,sdpa_efficient,0,2026,4,ok,,0.0746,0.0877,0.001953125,0.00017274916172027588,0.00043825205648317933,
cuda,decode,4,4,256,64,float16,sdpa_flash,0,2026,4,unsupported,No available kernel. Aborting execution.,,,,,,
cuda,decode,4,4,256,64,float16,sdpa_auto,0,2026,4,ok,,0.0428,0.049,0.001953125,0.00017274916172027588,0.00043825205648317933,
cuda,decode,4,4,256,64,float16,sdpa_math,0,2026,4,ok,,0.27690000000000003,0.3068,3.0234375,0.00017274916172027588,0.0004104127874597907,
cuda,decode,4,4,256,64,float32,sdpa_efficient,0,2026,4,ok,,0.0782,0.0851,0.00390625,5.960464477539062e-07,7.449597205777536e-07,
cuda,decode,4,4,256,64,float32,sdpa_flash,0,2026,4,unsupported,No available kernel. Aborting execution.,,,,,,
cuda,decode,4,4,256,64,float32,sdpa_cudnn,0,2026,4,unsupported,No available kernel. Aborting execution.,,,,,,
cuda,decode,1,4,2048,64,float32,sdpa_auto,0,2026,1,ok,,0.2343,0.2438,0.0009765625,1.341104507446289e-07,7.057054745018831e-07,
cuda,decode,1,4,2048,64,float32,sdpa_cudnn,0,2026,1,unsupported,No available kernel. Aborting execution.,,,,,,
cuda,decode,1,4,2048,64,float32,eager,0,2026,1,ok,,0.1178,0.1355,0.0634765625,0.0,0.0,
cuda,decode,1,4,2048,64,float16,sdpa_flash,0,2026,1,unsupported,No available kernel. Aborting execution.,,,,,,
cuda,decode,1,4,2048,64,float16,eager,0,2026,1,ok,,0.12735000000000002,0.1389,0.03173828125,7.908791303634644e-05,0.0006667607231065631,
cuda,decode,1,4,2048,64,float16,sdpa_efficient,0,2026,1,ok,,0.13955,0.1516,0.00048828125,6.490200757980347e-05,0.0005122851580381393,
cuda,decode,1,4,2048,64,float32,sdpa_flash,0,2026,1,unsupported,No available kernel. Aborting execution.,,,,,,
cuda,decode,1,4,2048,64,float32,sdpa_efficient,0,2026,1,ok,,0.25505,0.271,0.0009765625,1.341104507446289e-07,7.057054745018831e-07,
cuda,decode,1,4,2048,64,float16,sdpa_auto,0,2026,1,ok,,0.1164,0.1307,0.00048828125,6.490200757980347e-05,0.0005122851580381393,
cuda,decode,1,4,2048,64,float16,sdpa_cudnn,0,2026,1,ok,,0.0993,0.1154,0.01806640625,4.8257410526275635e-05,0.0005004463600926101,
cuda,decode,1,4,2048,64,float32,sdpa_math,0,2026,1,ok,,0.22085,0.2387,2.0322265625,3.725290298461914e-08,2.2526113241383428e-07,
cuda,decode,1,4,2048,64,float16,sdpa_math,0,2026,1,ok,,0.2807,0.3063,6.033203125,5.924701690673828e-05,0.00046910272794775665,
cuda,prefill,4,4,2048,64,float32,sdpa_auto,0,2026,8192,ok,,1.50885,1.5483,8.0,1.9073486328125e-06,6.237117986529483e-07,
cuda,prefill,4,4,2048,64,float16,sdpa_cudnn,0,2026,8192,ok,,0.29895,0.3145,4.0009765625,0.0016453266143798828,0.00042673651478253305,
cuda,prefill,4,4,2048,64,float16,sdpa_efficient,0,2026,8192,ok,,0.5118499999999999,0.5397,4.0,0.0016453266143798828,0.000426723447162658,
cuda,prefill,4,4,2048,64,float32,sdpa_efficient,0,2026,8192,ok,,1.5213,1.5516,8.0,1.9073486328125e-06,6.237117986529483e-07,
cuda,prefill,4,4,2048,64,float32,eager,0,2026,8192,ok,,8.83475,8.895,524.0,0.0,0.0,
cuda,prefill,4,4,2048,64,float16,sdpa_auto,0,2026,8192,ok,,0.60695,0.6293,4.0,0.0016453266143798828,0.000426723447162658,
cuda,prefill,4,4,2048,64,float16,sdpa_flash,0,2026,8192,unsupported,No available kernel. Aborting execution.,,,,,,
cuda,prefill,4,4,2048,64,float16,eager,0,2026,8192,ok,,4.63725,4.6853,264.0,0.0016785860061645508,0.0005716885789297521,
cuda,prefill,4,4,2048,64,float32,sdpa_flash,0,2026,8192,unsupported,No available kernel. Aborting execution.,,,,,,
cuda,prefill,4,4,2048,64,float32,sdpa_math,0,2026,8192,ok,,12.4031,12.6119,600.03173828125,4.76837158203125e-07,2.2378176822712703e-07,
cuda,prefill,4,4,2048,64,float32,sdpa_cudnn,0,2026,8192,unsupported,No available kernel. Aborting execution.,,,,,,
cuda,prefill,4,4,2048,64,float16,sdpa_math,0,2026,8192,ok,,10.4139,10.4983,624.03173828125,0.0016453266143798828,0.0003972687409259379,
cuda,prefill,1,4,1024,64,float32,sdpa_cudnn,0,2026,1024,unsupported,No available kernel. Aborting execution.,,,,,,
cuda,prefill,1,4,1024,64,float16,sdpa_cudnn,0,2026,1024,ok,,0.0737,0.0821,0.5009765625,0.0013728141784667969,0.00042894843500107527,
cuda,prefill,1,4,1024,64,float16,sdpa_math,0,2026,1024,ok,,0.43815,0.4696,44.00439453125,0.0013728141784667969,0.00040269174496643245,
cuda,prefill,1,4,1024,64,float32,sdpa_auto,0,2026,1024,ok,,0.19385000000000002,0.2202,1.0,1.1920928955078125e-06,5.635465072373336e-07,
cuda,prefill,1,4,1024,64,float16,eager,0,2026,1024,ok,,0.21115,0.4756,18.0,0.0014358162879943848,0.0005830206791870296,
cuda,prefill,1,4,1024,64,float32,sdpa_efficient,0,2026,1024,ok,,0.22605,0.2376,1.0,1.1920928955078125e-06,5.635465072373336e-07,
cuda,prefill,1,4,1024,64,float32,eager,0,2026,1024,ok,,0.33035000000000003,0.336,34.0,0.0,0.0,
cuda,prefill,1,4,1024,64,float16,sdpa_efficient,0,2026,1024,ok,,0.10665,0.1158,0.5,0.0013728141784667969,0.0004289897333364934,
cuda,prefill,1,4,1024,64,float32,sdpa_flash,0,2026,1024,unsupported,No available kernel. Aborting execution.,,,,,,
cuda,prefill,1,4,1024,64,float32,sdpa_math,0,2026,1024,ok,,0.4332,0.4632,41.00439453125,5.960464477539062e-07,2.0600759853550699e-07,
cuda,prefill,1,4,1024,64,float16,sdpa_auto,0,2026,1024,ok,,0.0928,0.0987,0.5,0.0013728141784667969,0.0004289897333364934,
cuda,prefill,1,4,1024,64,float16,sdpa_flash,0,2026,1024,unsupported,No available kernel. Aborting execution.,,,,,,
cuda,prefill,1,4,2048,64,float32,sdpa_flash,1,2027,2048,unsupported,No available kernel. Aborting execution.,,,,,,
cuda,prefill,1,4,2048,64,float16,sdpa_math,1,2027,2048,ok,,2.6856999999999998,2.8094,168.00830078125,0.00107574462890625,0.0003965194337069988,
cuda,prefill,1,4,2048,64,float32,eager,1,2027,2048,ok,,2.29175,2.3076,136.0,0.0,0.0,
cuda,prefill,1,4,2048,64,float16,sdpa_auto,1,2027,2048,ok,,0.2452,0.2516,1.0,0.00107574462890625,0.000426554586738348,
cuda,prefill,1,4,2048,64,float16,sdpa_efficient,1,2027,2048,ok,,0.25844999999999996,0.2713,1.0,0.00107574462890625,0.000426554586738348,
cuda,prefill,1,4,2048,64,float16,eager,1,2027,2048,ok,,1.13395,1.3545,72.0,0.0016283988952636719,0.0005752453580498695,
cuda,prefill,1,4,2048,64,float32,sdpa_cudnn,1,2027,2048,unsupported,No available kernel. Aborting execution.,,,,,,
cuda,prefill,1,4,2048,64,float32,sdpa_math,1,2027,2048,ok,,2.3800499999999998,2.4072,162.00830078125,5.364418029785156e-07,2.2291332868462632e-07,
cuda,prefill,1,4,2048,64,float16,sdpa_cudnn,1,2027,2048,ok,,0.1824,0.1934,1.0009765625,0.00107574462890625,0.00042656261939555407,
cuda,prefill,1,4,2048,64,float32,sdpa_efficient,1,2027,2048,ok,,0.59395,0.6603,2.0,1.0766088962554932e-06,6.191215788931004e-07,
cuda,prefill,1,4,2048,64,float32,sdpa_auto,1,2027,2048,ok,,0.51245,0.5711,2.0,1.0766088962554932e-06,6.191215788931004e-07,
cuda,prefill,1,4,2048,64,float16,sdpa_flash,1,2027,2048,unsupported,No available kernel. Aborting execution.,,,,,,
cuda,prefill,4,4,1024,64,float16,sdpa_math,1,2027,4096,ok,,2.5197,2.7718,164.01611328125,0.0013452917337417603,0.00039043687866069376,
cuda,prefill,4,4,1024,64,float16,sdpa_flash,1,2027,4096,unsupported,No available kernel. Aborting execution.,,,,,,
cuda,prefill,4,4,1024,64,float32,eager,1,2027,4096,ok,,2.3842,2.4505,133.0,0.0,0.0,
cuda,prefill,4,4,1024,64,float16,sdpa_cudnn,1,2027,4096,ok,,0.19690000000000002,0.2495,2.0009765625,0.0014673620462417603,0.0004182243428658694,
cuda,prefill,4,4,1024,64,float32,sdpa_auto,1,2027,4096,ok,,0.5571,0.6074,4.0,1.5497207641601562e-06,5.650502998832962e-07,
cuda,prefill,4,4,1024,64,float32,sdpa_cudnn,1,2027,4096,unsupported,No available kernel. Aborting execution.,,,,,,
cuda,prefill,4,4,1024,64,float32,sdpa_math,1,2027,4096,ok,,2.6426,2.7384,152.01611328125,5.364418029785156e-07,2.0052802085501753e-07,
cuda,prefill,4,4,1024,64,float32,sdpa_flash,1,2027,4096,unsupported,No available kernel. Aborting execution.,,,,,,
cuda,prefill,4,4,1024,64,float16,sdpa_auto,1,2027,4096,ok,,0.30235,0.3385,2.0,0.0014673620462417603,0.0004182537377346307,
cuda,prefill,4,4,1024,64,float16,eager,1,2027,4096,ok,,1.23675,1.2951,67.0,0.002031087875366211,0.000563314650207758,
cuda,prefill,4,4,1024,64,float32,sdpa_efficient,1,2027,4096,ok,,0.7237,0.7559,4.0,1.5497207641601562e-06,5.650502998832962e-07,
cuda,prefill,4,4,1024,64,float16,sdpa_efficient,1,2027,4096,ok,,0.2587,0.3155,2.0,0.0014673620462417603,0.0004182537377346307,
cuda,decode,1,4,2048,64,float32,sdpa_math,1,2027,1,ok,,0.36615,0.4261,2.0322265625,2.2351741790771484e-08,2.0476733197938302e-07,
cuda,decode,1,4,2048,64,float16,sdpa_efficient,1,2027,1,ok,,0.15825,0.2302,0.00048828125,5.352497100830078e-05,0.00043153390288352966,
cuda,decode,1,4,2048,64,float32,sdpa_flash,1,2027,1,unsupported,No available kernel. Aborting execution.,,,,,,
cuda,decode,1,4,2048,64,float32,eager,1,2027,1,ok,,0.18,0.2575,0.0634765625,0.0,0.0,
cuda,decode,1,4,2048,64,float32,sdpa_efficient,1,2027,1,ok,,0.26925,0.3047,0.0009765625,6.705522537231445e-08,6.470748417086725e-07,
cuda,decode,1,4,2048,64,float16,sdpa_flash,1,2027,1,unsupported,No available kernel. Aborting execution.,,,,,,
cuda,decode,1,4,2048,64,float16,sdpa_auto,1,2027,1,ok,,0.13695000000000002,0.1745,0.00048828125,5.352497100830078e-05,0.00043153390288352966,
cuda,decode,1,4,2048,64,float32,sdpa_cudnn,1,2027,1,unsupported,No available kernel. Aborting execution.,,,,,,
cuda,decode,1,4,2048,64,float16,sdpa_cudnn,1,2027,1,ok,,0.11485,0.1774,0.01806640625,5.607306957244873e-05,0.00042102966108359396,
cuda,decode,1,4,2048,64,float32,sdpa_auto,1,2027,1,ok,,0.25370000000000004,0.3094,0.0009765625,6.705522537231445e-08,6.470748417086725e-07,
cuda,decode,1,4,2048,64,float16,eager,1,2027,1,ok,,0.19995000000000002,0.2594,0.03173828125,0.00010243803262710571,0.0006563133210875094,
cuda,decode,1,4,2048,64,float16,sdpa_math,1,2027,1,ok,,0.51335,0.6275,6.033203125,5.352497100830078e-05,0.00038908846909180284,
cuda,decode,4,4,1024,64,float16,eager,1,2027,4,ok,,0.20415,0.261,0.064453125,0.00015074573457241058,0.0006987486849538982,
cuda,decode,4,4,1024,64,float16,sdpa_efficient,1,2027,4,ok,,0.11025,0.1418,0.001953125,0.0001010596752166748,0.0004759884614031762,
cuda,decode,4,4,1024,64,float16,sdpa_flash,1,2027,4,unsupported,No available kernel. Aborting execution.,,,,,,
cuda,decode,4,4,1024,64,float32,eager,1,2027,4,ok,,0.19524999999999998,0.2586,0.12890625,0.0,0.0,
cuda,decode,4,4,1024,64,float16,sdpa_cudnn,1,2027,4,ok,,0.11185,0.1652,0.01953125,9.833276271820068e-05,0.000481862312881276,
cuda,decode,4,4,1024,64,float32,sdpa_flash,1,2027,4,unsupported,No available kernel. Aborting execution.,,,,,,
cuda,decode,4,4,1024,64,float32,sdpa_auto,1,2027,4,ok,,0.15239999999999998,0.2299,0.00390625,1.862645149230957e-07,6.171291033751913e-07,
cuda,decode,4,4,1024,64,float32,sdpa_math,1,2027,4,ok,,0.36865000000000003,0.4836,4.06640625,3.725290298461914e-08,2.2076892491895705e-07,
cuda,decode,4,4,1024,64,float16,sdpa_auto,1,2027,4,ok,,0.0938,0.1177,0.001953125,0.0001010596752166748,0.0004759884614031762,
cuda,decode,4,4,1024,64,float32,sdpa_efficient,1,2027,4,ok,,0.16855,0.2151,0.00390625,1.862645149230957e-07,6.171291033751913e-07,
cuda,decode,4,4,1024,64,float16,sdpa_math,1,2027,4,ok,,0.47195,0.6616,12.0703125,0.0001010596752166748,0.00045205344213172793,
cuda,decode,4,4,1024,64,float32,sdpa_cudnn,1,2027,4,unsupported,No available kernel. Aborting execution.,,,,,,
cuda,decode,4,4,256,64,float32,sdpa_cudnn,1,2027,4,unsupported,No available kernel. Aborting execution.,,,,,,
cuda,decode,4,4,256,64,float32,sdpa_auto,1,2027,4,ok,,0.07655,0.1003,0.00390625,3.725290298461914e-07,6.220246291377407e-07,
cuda,decode,4,4,256,64,float16,sdpa_math,1,2027,4,ok,,0.53935,0.6454,3.0234375,0.0001713782548904419,0.00040274843922816217,
cuda,decode,4,4,256,64,float32,sdpa_efficient,1,2027,4,ok,,0.0936,0.1661,0.00390625,3.725290298461914e-07,6.220246291377407e-07,
cuda,decode,4,4,256,64,float16,sdpa_cudnn,1,2027,4,ok,,0.10525000000000001,0.1404,0.0029296875,0.0001713782548904419,0.0004383958876132965,
cuda,decode,4,4,256,64,float32,sdpa_flash,1,2027,4,unsupported,No available kernel. Aborting execution.,,,,,,
cuda,decode,4,4,256,64,float32,eager,1,2027,4,ok,,0.19985,0.2748,0.03515625,0.0,0.0,
cuda,decode,4,4,256,64,float16,eager,1,2027,4,ok,,0.20215,0.2949,0.017578125,0.00023999810218811035,0.0005932346684858203,
cuda,decode,4,4,256,64,float16,sdpa_auto,1,2027,4,ok,,0.06205,0.1158,0.001953125,0.0001713782548904419,0.00043717105290852487,
cuda,decode,4,4,256,64,float16,sdpa_efficient,1,2027,4,ok,,0.08505,0.0909,0.001953125,0.0001713782548904419,0.00043717105290852487,
cuda,decode,4,4,256,64,float32,sdpa_math,1,2027,4,ok,,0.3927,0.5074,1.01953125,1.1920928955078125e-07,2.150536033695971e-07,
cuda,decode,4,4,256,64,float16,sdpa_flash,1,2027,4,unsupported,No available kernel. Aborting execution.,,,,,,
cuda,prefill,4,4,256,64,float16,eager,1,2027,1024,ok,,0.38249999999999995,0.5119,4.5625,0.002037644386291504,0.0005224705091677606,
cuda,prefill,4,4,256,64,float32,sdpa_auto,1,2027,1024,ok,,0.09605,0.1207,1.0,1.3113021850585938e-06,4.637613244540262e-07,
cuda,prefill,4,4,256,64,float32,sdpa_flash,1,2027,1024,unsupported,No available kernel. Aborting execution.,,,,,,
cuda,prefill,4,4,256,64,float16,sdpa_efficient,1,2027,1024,ok,,0.0852,0.1403,0.5,0.0015480518341064453,0.00040721442201174796,
cuda,prefill,4,4,256,64,float16,sdpa_math,1,2027,1024,ok,,0.62885,0.7532,13.25439453125,0.0014985203742980957,0.0003818686818704009,
cuda,prefill,4,4,256,64,float32,sdpa_cudnn,1,2027,1024,unsupported,No available kernel. Aborting execution.,,,,,,
cuda,prefill,4,4,256,64,float16,sdpa_cudnn,1,2027,1024,ok,,0.10289999999999999,0.1442,0.5009765625,0.0015480518341064453,0.00040722571429796517,
cuda,prefill,4,4,256,64,float32,eager,1,2027,1024,ok,,0.3549,0.4567,9.0625,0.0,0.0,
cuda,prefill,4,4,256,64,float32,sdpa_math,1,2027,1024,ok,,0.5385,0.6769,10.25439453125,5.438923835754395e-07,1.6640854028082686e-07,
cuda,prefill,4,4,256,64,float16,sdpa_auto,1,2027,1024,ok,,0.06705,0.1087,0.5,0.0015480518341064453,0.00040721442201174796,
cuda,prefill,4,4,256,64,float16,sdpa_flash,1,2027,1024,unsupported,No available kernel. Aborting execution.,,,,,,
cuda,prefill,4,4,256,64,float32,sdpa_efficient,1,2027,1024,ok,,0.1127,0.1429,1.0,1.3113021850585938e-06,4.637613244540262e-07,
cuda,decode,1,4,256,64,float16,sdpa_auto,1,2027,1,ok,,0.06305,0.129,0.00048828125,0.00017091631889343262,0.0004732617235276848,
cuda,decode,1,4,256,64,float32,sdpa_math,1,2027,1,ok,,0.39355,0.519,0.2548828125,3.725290298461914e-08,1.412430776781548e-07,
cuda,decode,1,4,256,64,float32,sdpa_flash,1,2027,1,unsupported,No available kernel. Aborting execution.,,,,,,
cuda,decode,1,4,256,64,float16,eager,1,2027,1,ok,,0.20085,0.2645,0.00439453125,0.0001767575740814209,0.0005678365705534816,
cuda,decode,1,4,256,64,float32,sdpa_efficient,1,2027,1,ok,,0.0926,0.1228,0.0009765625,1.4901161193847656e-07,5.42702935035777e-07,
cuda,decode,1,4,256,64,float16,sdpa_efficient,1,2027,1,ok,,0.0856,0.0947,0.00048828125,0.00017091631889343262,0.0004732617235276848,
cuda,decode,1,4,256,64,float16,sdpa_math,1,2027,1,ok,,0.5398499999999999,0.6952,0.755859375,0.00010989606380462646,0.0003972519771195948,
cuda,decode,1,4,256,64,float32,sdpa_cudnn,1,2027,1,unsupported,No available kernel. Aborting execution.,,,,,,
cuda,decode,1,4,256,64,float16,sdpa_flash,1,2027,1,unsupported,No available kernel. Aborting execution.,,,,,,
cuda,decode,1,4,256,64,float16,sdpa_cudnn,1,2027,1,ok,,0.105,0.1459,0.00146484375,0.00017091631889343262,0.00047430561971850693,
cuda,decode,1,4,256,64,float32,sdpa_auto,1,2027,1,ok,,0.07644999999999999,0.0992,0.0009765625,1.4901161193847656e-07,5.42702935035777e-07,
cuda,decode,1,4,256,64,float32,eager,1,2027,1,ok,,0.2008,0.2597,0.0087890625,0.0,0.0,
cuda,prefill,4,4,2048,64,float32,sdpa_cudnn,1,2027,8192,unsupported,No available kernel. Aborting execution.,,,,,,
cuda,prefill,4,4,2048,64,float32,eager,1,2027,8192,ok,,9.291699999999999,9.4456,524.0,0.0,0.0,
cuda,prefill,4,4,2048,64,float32,sdpa_efficient,1,2027,8192,ok,,1.58325,1.6977,8.0,2.0265579223632812e-06,6.183613550092559e-07,
cuda,prefill,4,4,2048,64,float16,sdpa_auto,1,2027,8192,ok,,0.5386500000000001,0.5722,4.0,0.00147247314453125,0.00042171578388661146,
cuda,prefill,4,4,2048,64,float32,sdpa_auto,1,2027,8192,ok,,1.52915,1.5756,8.0,2.0265579223632812e-06,6.183613550092559e-07,
cuda,prefill,4,4,2048,64,float16,sdpa_flash,1,2027,8192,unsupported,No available kernel. Aborting execution.,,,,,,
cuda,prefill,4,4,2048,64,float32,sdpa_math,1,2027,8192,ok,,10.93845,12.0567,600.03173828125,4.76837158203125e-07,2.2238316432776628e-07,
cuda,prefill,4,4,2048,64,float16,sdpa_efficient,1,2027,8192,ok,,0.6588,0.7273,4.0,0.00147247314453125,0.00042171578388661146,
cuda,prefill,4,4,2048,64,float16,eager,1,2027,8192,ok,,5.276999999999999,5.3287,264.0,0.0020335614681243896,0.0005681177135556936,
cuda,prefill,4,4,2048,64,float32,sdpa_flash,1,2027,8192,unsupported,No available kernel. Aborting execution.,,,,,,
cuda,prefill,4,4,2048,64,float16,sdpa_cudnn,1,2027,8192,ok,,0.32455,0.3416,4.0009765625,0.00147247314453125,0.0004217025707475841,
cuda,prefill,4,4,2048,64,float16,sdpa_math,1,2027,8192,ok,,10.7438,11.2972,624.03173828125,0.00147247314453125,0.00039148866198956966,
cuda,prefill,1,4,256,64,float32,sdpa_cudnn,1,2027,256,unsupported,No available kernel. Aborting execution.,,,,,,
cuda,prefill,1,4,256,64,float16,sdpa_efficient,1,2027,256,ok,,0.05335,0.0565,0.125,0.0011287927627563477,0.0004035562742501497,
cuda,prefill,1,4,256,64,float32,sdpa_flash,1,2027,256,unsupported,No available kernel. Aborting execution.,,,,,,
cuda,prefill,1,4,256,64,float32,eager,1,2027,256,ok,,0.14975,0.2049,2.3125,0.0,0.0,
cuda,prefill,1,4,256,64,float16,eager,1,2027,256,ok,,0.1444,0.1536,1.1875,0.0017991065979003906,0.0005175821715965867,
cuda,prefill,1,4,256,64,float16,sdpa_cudnn,1,2027,256,ok,,0.0615,0.0661,0.1259765625,0.0011287927627563477,0.0004035538877360523,
cuda,prefill,1,4,256,64,float32,sdpa_math,1,2027,256,ok,,0.22375,0.2627,2.75146484375,5.364418029785156e-07,1.6879717179563158e-07,
cuda,prefill,1,4,256,64,float32,sdpa_auto,1,2027,256,ok,,0.0515,0.0544,0.25,1.1920928955078125e-06,4.576703531711246e-07,
cuda,prefill,1,4,256,64,float16,sdpa_auto,1,2027,256,ok,,0.033,0.0435,0.125,0.0011287927627563477,0.0004035562742501497,
cuda,prefill,1,4,256,64,float16,sdpa_flash,1,2027,256,unsupported,No available kernel. Aborting execution.,,,,,,
cuda,prefill,1,4,256,64,float32,sdpa_efficient,1,2027,256,ok,,0.0604,0.0654,0.25,1.1920928955078125e-06,4.576703531711246e-07,
cuda,prefill,1,4,256,64,float16,sdpa_math,1,2027,256,ok,,0.25245,0.294,3.50146484375,0.0011287927627563477,0.0003777206875383854,
cuda,decode,4,4,2048,64,float32,eager,1,2027,4,ok,,0.07805000000000001,0.0857,0.25390625,0.0,0.0,
cuda,decode,4,4,2048,64,float16,sdpa_auto,1,2027,4,ok,,0.10985,0.1141,0.001953125,6.307661533355713e-05,0.00045706398668698967,
cuda,decode,4,4,2048,64,float16,sdpa_efficient,1,2027,4,ok,,0.1186,0.1252,0.001953125,6.307661533355713e-05,0.00045706398668698967,
cuda,decode,4,4,2048,64,float32,sdpa_flash,1,2027,4,unsupported,No available kernel. Aborting execution.,,,,,,
cuda,decode,4,4,2048,64,float16,sdpa_flash,1,2027,4,unsupported,No available kernel. Aborting execution.,,,,,,
cuda,decode,4,4,2048,64,float32,sdpa_math,1,2027,4,ok,,0.15865,0.1844,8.12890625,2.9802322387695312e-08,2.2489395234970289e-07,
cuda,decode,4,4,2048,64,float32,sdpa_cudnn,1,2027,4,unsupported,No available kernel. Aborting execution.,,,,,,
cuda,decode,4,4,2048,64,float16,sdpa_cudnn,1,2027,4,ok,,0.0696,0.0753,0.01953125,6.307661533355713e-05,0.00044315855484455824,
cuda,decode,4,4,2048,64,float32,sdpa_efficient,1,2027,4,ok,,0.23445,0.2394,0.00390625,1.1920928955078125e-07,7.604006668771035e-07,
cuda,decode,4,4,2048,64,float32,sdpa_auto,1,2027,4,ok,,0.21935,0.2234,0.00390625,1.1920928955078125e-07,7.604006668771035e-07,
cuda,decode,4,4,2048,64,float16,eager,1,2027,4,ok,,0.07905000000000001,0.0965,0.126953125,0.00012895464897155762,0.0006726471474394202,
cuda,decode,4,4,2048,64,float16,sdpa_math,1,2027,4,ok,,0.18905,0.229,24.1328125,6.307661533355713e-05,0.0004140483506489545,
cuda,decode,1,4,1024,64,float16,sdpa_math,1,2027,1,ok,,0.20265,0.23,3.017578125,8.736550807952881e-05,0.00038364314241334796,
cuda,decode,1,4,1024,64,float32,sdpa_efficient,1,2027,1,ok,,0.133,0.1384,0.0009765625,2.086162567138672e-07,6.677054784631764e-07,
cuda,decode,1,4,1024,64,float32,sdpa_auto,1,2027,1,ok,,0.118,0.1208,0.0009765625,2.086162567138672e-07,6.677054784631764e-07,
cuda,decode,1,4,1024,64,float16,sdpa_efficient,1,2027,1,ok,,0.0745,0.0822,0.00048828125,9.939074516296387e-05,0.00044657252146862447,
cuda,decode,1,4,1024,64,float16,sdpa_cudnn,1,2027,1,ok,,0.06885,0.0744,0.009765625,8.736550807952881e-05,0.000403557758545503,
cuda,decode,1,4,1024,64,float32,sdpa_math,1,2027,1,ok,,0.15189999999999998,0.1679,1.0166015625,3.5390257835388184e-08,1.846392763127369e-07,
cuda,decode,1,4,1024,64,float32,sdpa_cudnn,1,2027,1,unsupported,No available kernel. Aborting execution.,,,,,,
cuda,decode,1,4,1024,64,float32,eager,1,2027,1,ok,,0.07465,0.0829,0.0322265625,0.0,0.0,
cuda,decode,1,4,1024,64,float16,eager,1,2027,1,ok,,0.07985,0.0961,0.01611328125,0.00031384825706481934,0.0010911674471572042,
cuda,decode,1,4,1024,64,float16,sdpa_auto,1,2027,1,ok,,0.05995,0.0617,0.00048828125,9.939074516296387e-05,0.00044657252146862447,
cuda,decode,1,4,1024,64,float16,sdpa_flash,1,2027,1,unsupported,No available kernel. Aborting execution.,,,,,,
cuda,decode,1,4,1024,64,float32,sdpa_flash,1,2027,1,unsupported,No available kernel. Aborting execution.,,,,,,
cuda,prefill,1,4,1024,64,float32,eager,1,2027,1024,ok,,0.32845,0.3372,34.0,0.0,0.0,
cuda,prefill,1,4,1024,64,float16,sdpa_math,1,2027,1024,ok,,0.45025000000000004,0.4912,44.00439453125,0.0014307498931884766,0.0003953076375182718,
cuda,prefill,1,4,1024,64,float32,sdpa_cudnn,1,2027,1024,unsupported,No available kernel. Aborting execution.,,,,,,
cuda,prefill,1,4,1024,64,float32,sdpa_math,1,2027,1024,ok,,0.4608,0.4767,41.00439453125,3.5762786865234375e-07,2.0086623919723934e-07,
cuda,prefill,1,4,1024,64,float16,sdpa_auto,1,2027,1024,ok,,0.107,0.1098,0.5,0.001832723617553711,0.00042257143650203943,
cuda,prefill,1,4,1024,64,float16,sdpa_flash,1,2027,1024,unsupported,No available kernel. Aborting execution.,,,,,,
cuda,prefill,1,4,1024,64,float16,sdpa_efficient,1,2027,1024,ok,,0.1225,0.1273,0.5,0.001832723617553711,0.00042257143650203943,
cuda,prefill,1,4,1024,64,float32,sdpa_flash,1,2027,1024,unsupported,No available kernel. Aborting execution.,,,,,,
cuda,prefill,1,4,1024,64,float32,sdpa_efficient,1,2027,1024,ok,,0.26725,0.2775,1.0,1.6689300537109375e-06,5.637513709189079e-07,
cuda,prefill,1,4,1024,64,float16,eager,1,2027,1024,ok,,0.2092,0.2314,18.0,0.001832723617553711,0.0005654721753671765,
cuda,prefill,1,4,1024,64,float16,sdpa_cudnn,1,2027,1024,ok,,0.0778,0.0804,0.5009765625,0.001832723617553711,0.00042259483598172665,
cuda,prefill,1,4,1024,64,float32,sdpa_auto,1,2027,1024,ok,,0.2056,0.2157,1.0,1.6689300537109375e-06,5.637513709189079e-07,
cuda,prefill,4,4,1024,64,float32,sdpa_auto,2,2028,4096,ok,,0.43295,0.4528,4.0,1.1920928955078125e-06,5.609452955468441e-07,
cuda,prefill,4,4,1024,64,float32,sdpa_cudnn,2,2028,4096,unsupported,No available kernel. Aborting execution.,,,,,,
cuda,prefill,4,4,1024,64,float32,sdpa_flash,2,2028,4096,unsupported,No available kernel. Aborting execution.,,,,,,
cuda,prefill,4,4,1024,64,float16,sdpa_math,2,2028,4096,ok,,2.599,2.6693,164.01611328125,0.0015196800231933594,0.000394188507925719,
cuda,prefill,4,4,1024,64,float32,sdpa_math,2,2028,4096,ok,,2.2553,2.2839,152.01611328125,5.364418029785156e-07,2.0286137214498012e-07,
cuda,prefill,4,4,1024,64,float32,sdpa_efficient,2,2028,4096,ok,,0.50785,0.5275,4.0,1.1920928955078125e-06,5.609452955468441e-07,
cuda,prefill,4,4,1024,64,float16,eager,2,2028,4096,ok,,1.11665,1.1384,67.0,0.0023823976516723633,0.0005619654548354447,
cuda,prefill,4,4,1024,64,float16,sdpa_efficient,2,2028,4096,ok,,0.1956,0.2106,2.0,0.0015196800231933594,0.00042113810195587575,
cuda,prefill,4,4,1024,64,float16,sdpa_cudnn,2,2028,4096,ok,,0.136,0.1457,2.0009765625,0.0015196800231933594,0.00042116723489016294,
cuda,prefill,4,4,1024,64,float16,sdpa_flash,2,2028,4096,unsupported,No available kernel. Aborting execution.,,,,,,
cuda,prefill,4,4,1024,64,float32,eager,2,2028,4096,ok,,2.3200000000000003,2.3347,133.0,0.0,0.0,
cuda,prefill,4,4,1024,64,float16,sdpa_auto,2,2028,4096,ok,,0.18275,0.2057,2.0,0.0015196800231933594,0.00042113810195587575,
cuda,decode,1,4,256,64,float16,sdpa_efficient,2,2028,1,ok,,0.0484,0.0596,0.00048828125,0.00014078617095947266,0.0004764901823364198,
cuda,decode,1,4,256,64,float32,sdpa_math,2,2028,1,ok,,0.15285,0.175,0.2548828125,8.940696716308594e-08,2.1212575518347876e-07,
cuda,decode,1,4,256,64,float32,eager,2,2028,1,ok,,0.0759,0.1037,0.0087890625,0.0,0.0,
cuda,decode,1,4,256,64,float32,sdpa_cudnn,2,2028,1,unsupported,No available kernel. Aborting execution.,,,,,,
cuda,decode,1,4,256,64,float16,sdpa_auto,2,2028,1,ok,,0.0288,0.0336,0.00048828125,0.00014078617095947266,0.0004764901823364198,
cuda,decode,1,4,256,64,float16,sdpa_cudnn,2,2028,1,ok,,0.0611,0.0704,0.00146484375,0.00014078617095947266,0.0004764901823364198,
cuda,decode,1,4,256,64,float16,eager,2,2028,1,ok,,0.07594999999999999,0.0842,0.00439453125,0.00023888051509857178,0.0005677244625985622,
cuda,decode,1,4,256,64,float32,sdpa_flash,2,2028,1,unsupported,No available kernel. Aborting execution.,,,,,,
cuda,decode,1,4,256,64,float32,sdpa_efficient,2,2028,1,ok,,0.05875,0.0626,0.0009765625,2.086162567138672e-07,5.458184659801191e-07,
cuda,decode,1,4,256,64,float32,sdpa_auto,2,2028,1,ok,,0.0432,0.046,0.0009765625,2.086162567138672e-07,5.458184659801191e-07,
cuda,decode,1,4,256,64,float16,sdpa_flash,2,2028,1,unsupported,No available kernel. Aborting execution.,,,,,,
cuda,decode,1,4,256,64,float16,sdpa_math,2,2028,1,ok,,0.19774999999999998,0.2168,0.755859375,0.00014078617095947266,0.00043733642087318003,
cuda,prefill,4,4,256,64,float16,sdpa_flash,2,2028,1024,unsupported,No available kernel. Aborting execution.,,,,,,
cuda,prefill,4,4,256,64,float32,eager,2,2028,1024,ok,,0.14565,0.1708,9.0625,0.0,0.0,
cuda,prefill,4,4,256,64,float16,sdpa_math,2,2028,1024,ok,,0.2552,0.2836,13.25439453125,0.001125335693359375,0.00037715910002589226,
cuda,prefill,4,4,256,64,float16,sdpa_auto,2,2028,1024,ok,,0.03395,0.0392,0.5,0.0011377334594726562,0.0004030226555187255,
cuda,prefill,4,4,256,64,float32,sdpa_math,2,2028,1024,ok,,0.2158,0.2477,10.25439453125,5.960464477539062e-07,1.664745781226884e-07,
cuda,prefill,4,4,256,64,float32,sdpa_efficient,2,2028,1024,ok,,0.0742,0.0859,1.0,1.3113021850585938e-06,4.698780173839623e-07,
cuda,prefill,4,4,256,64,float16,sdpa_cudnn,2,2028,1024,ok,,0.0604,0.0683,0.5009765625,0.0011377334594726562,0.0004029887495562434,
cuda,prefill,4,4,256,64,float32,sdpa_flash,2,2028,1024,unsupported,No available kernel. Aborting execution.,,,,,,
cuda,prefill,4,4,256,64,float32,sdpa_cudnn,2,2028,1024,unsupported,No available kernel. Aborting execution.,,,,,,
cuda,prefill,4,4,256,64,float16,sdpa_efficient,2,2028,1024,ok,,0.0495,0.0527,0.5,0.0011377334594726562,0.0004030226555187255,
cuda,prefill,4,4,256,64,float16,eager,2,2028,1024,ok,,0.14500000000000002,0.1763,4.5625,0.0019140243530273438,0.0005247980006970465,
cuda,prefill,4,4,256,64,float32,sdpa_auto,2,2028,1024,ok,,0.0628,0.0695,1.0,1.3113021850585938e-06,4.698780173839623e-07,
cuda,decode,1,4,1024,64,float16,sdpa_cudnn,2,2028,1,ok,,0.0692,0.0757,0.009765625,8.754432201385498e-05,0.0004680295241996646,
cuda,decode,1,4,1024,64,float32,sdpa_cudnn,2,2028,1,unsupported,No available kernel. Aborting execution.,,,,,,
cuda,decode,1,4,1024,64,float16,sdpa_efficient,2,2028,1,ok,,0.07565,0.0794,0.00048828125,8.754432201385498e-05,0.00044488676940090954,
cuda,decode,1,4,1024,64,float32,sdpa_flash,2,2028,1,unsupported,No available kernel. Aborting execution.,,,,,,
cuda,decode,1,4,1024,64,float16,eager,2,2028,1,ok,,0.0796,0.0867,0.01611328125,0.0001122206449508667,0.0007085507968440652,
cuda,decode,1,4,1024,64,float32,sdpa_math,2,2028,1,ok,,0.15505,0.2631,1.0166015625,2.9802322387695312e-08,1.9882078561295202e-07,
cuda,decode,1,4,1024,64,float32,sdpa_auto,2,2028,1,ok,,0.11885000000000001,0.1274,0.0009765625,1.1920928955078125e-07,6.861096153443214e-07,
cuda,decode,1,4,1024,64,float16,sdpa_flash,2,2028,1,unsupported,No available kernel. Aborting execution.,,,,,,
cuda,decode,1,4,1024,64,float16,sdpa_auto,2,2028,1,ok,,0.0597,0.0658,0.00048828125,8.754432201385498e-05,0.00044488676940090954,
cuda,decode,1,4,1024,64,float16,sdpa_math,2,2028,1,ok,,0.2012,0.2145,3.017578125,7.408857345581055e-05,0.0004295330436434597,
cuda,decode,1,4,1024,64,float32,eager,2,2028,1,ok,,0.0744,0.0867,0.0322265625,0.0,0.0,
cuda,decode,1,4,1024,64,float32,sdpa_efficient,2,2028,1,ok,,0.13295,0.1368,0.0009765625,1.1920928955078125e-07,6.861096153443214e-07,
cuda,decode,4,4,256,64,float16,sdpa_math,2,2028,4,ok,,0.2056,0.2558,3.0234375,0.00025221705436706543,0.0004150596505496651,
cuda,decode,4,4,256,64,float32,sdpa_efficient,2,2028,4,ok,,0.0583,0.0606,0.00390625,3.8743019104003906e-07,6.516989969895803e-07,
cuda,decode,4,4,256,64,float32,sdpa_auto,2,2028,4,ok,,0.0432,0.0454,0.00390625,3.8743019104003906e-07,6.516989969895803e-07,
cuda,decode,4,4,256,64,float16,sdpa_efficient,2,2028,4,ok,,0.048,0.0533,0.001953125,0.00025221705436706543,0.00044844995136372745,
cuda,decode,4,4,256,64,float16,sdpa_flash,2,2028,4,unsupported,No available kernel. Aborting execution.,,,,,,
cuda,decode,4,4,256,64,float16,eager,2,2028,4,ok,,0.08,0.0932,0.017578125,0.0003173649311065674,0.0005896633956581354,
cuda,decode,4,4,256,64,float32,sdpa_cudnn,2,2028,4,unsupported,No available kernel. Aborting execution.,,,,,,
cuda,decode,4,4,256,64,float32,eager,2,2028,4,ok,,0.0748,0.0927,0.03515625,0.0,0.0,
cuda,decode,4,4,256,64,float32,sdpa_math,2,2028,4,ok,,0.1527,0.1787,1.01953125,1.043081283569336e-07,1.9812047469258687e-07,
cuda,decode,4,4,256,64,float32,sdpa_flash,2,2028,4,unsupported,No available kernel. Aborting execution.,,,,,,
cuda,decode,4,4,256,64,float16,sdpa_cudnn,2,2028,4,ok,,0.0599,0.066,0.0029296875,0.00025221705436706543,0.00044873097795061767,
cuda,decode,4,4,256,64,float16,sdpa_auto,2,2028,4,ok,,0.0288,0.0301,0.001953125,0.00025221705436706543,0.00044844995136372745,
cuda,prefill,1,4,1024,64,float32,eager,2,2028,1024,ok,,0.32685,0.3358,34.0,0.0,0.0,
cuda,prefill,1,4,1024,64,float16,sdpa_auto,2,2028,1024,ok,,0.0823,0.0913,0.5,0.0011479854583740234,0.0004148860170971602,
cuda,prefill,1,4,1024,64,float32,sdpa_flash,2,2028,1024,unsupported,No available kernel. Aborting execution.,,,,,,
cuda,prefill,1,4,1024,64,float32,sdpa_math,2,2028,1024,ok,,0.39880000000000004,0.4349,41.00439453125,3.5762786865234375e-07,1.9975217924184108e-07,
cuda,prefill,1,4,1024,64,float16,sdpa_cudnn,2,2028,1024,ok,,0.0767,0.0798,0.5009765625,0.0011479854583740234,0.00041496046469546854,
cuda,prefill,1,4,1024,64,float16,sdpa_flash,2,2028,1024,unsupported,No available kernel. Aborting execution.,,,,,,
cuda,prefill,1,4,1024,64,float32,sdpa_efficient,2,2028,1024,ok,,0.22785,0.2339,1.0,1.1324882507324219e-06,5.721256570723199e-07,
cuda,prefill,1,4,1024,64,float32,sdpa_auto,2,2028,1024,ok,,0.20685,0.211,1.0,1.1324882507324219e-06,5.721256570723199e-07,
cuda,prefill,1,4,1024,64,float32,sdpa_cudnn,2,2028,1024,unsupported,No available kernel. Aborting execution.,,,,,,
cuda,prefill,1,4,1024,64,float16,sdpa_math,2,2028,1024,ok,,0.4411,0.4616,44.00439453125,0.0011479854583740234,0.00038786284858360887,
cuda,prefill,1,4,1024,64,float16,eager,2,2028,1024,ok,,0.1989,0.2264,18.0,0.0013107657432556152,0.0005586469196714461,
cuda,prefill,1,4,1024,64,float16,sdpa_efficient,2,2028,1024,ok,,0.10865,0.1431,0.5,0.0011479854583740234,0.0004148860170971602,
cuda,decode,4,4,1024,64,float32,sdpa_auto,2,2028,4,ok,,0.1355,0.1398,0.00390625,1.4156103134155273e-07,6.637814635723771e-07,
cuda,decode,4,4,1024,64,float32,sdpa_cudnn,2,2028,4,unsupported,No available kernel. Aborting execution.,,,,,,
cuda,decode,4,4,1024,64,float32,sdpa_flash,2,2028,4,unsupported,No available kernel. Aborting execution.,,,,,,
cuda,decode,4,4,1024,64,float16,sdpa_cudnn,2,2028,4,ok,,0.0703,0.0744,0.01953125,7.06743448972702e-05,0.0004535939369816333,
cuda,decode,4,4,1024,64,float16,sdpa_auto,2,2028,4,ok,,0.06764999999999999,0.0916,0.001953125,9.202584624290466e-05,0.0004659197584260255,
cuda,decode,4,4,1024,64,float16,sdpa_math,2,2028,4,ok,,0.19135,0.2266,12.0703125,8.562207221984863e-05,0.00041995913488790393,
cuda,decode,4,4,1024,64,float32,sdpa_efficient,2,2028,4,ok,,0.134,0.1445,0.00390625,1.4156103134155273e-07,6.637814635723771e-07,
cuda,decode,4,4,1024,64,float32,eager,2,2028,4,ok,,0.07665,0.1013,0.12890625,0.0,0.0,
cuda,decode,4,4,1024,64,float16,eager,2,2028,4,ok,,0.08215,0.2215,0.064453125,0.000107593834400177,0.0006219520000740886,
cuda,decode,4,4,1024,64,float16,sdpa_efficient,2,2028,4,ok,,0.07314999999999999,0.0793,0.001953125,9.202584624290466e-05,0.0004659197584260255,
cuda,decode,4,4,1024,64,float16,sdpa_flash,2,2028,4,unsupported,No available kernel. Aborting execution.,,,,,,
cuda,decode,4,4,1024,64,float32,sdpa_math,2,2028,4,ok,,0.1644,0.1843,4.06640625,4.842877388000488e-08,2.2554677059360984e-07,
cuda,decode,1,4,2048,64,float32,sdpa_auto,2,2028,1,ok,,0.21985,0.2252,0.0009765625,8.195638656616211e-08,6.615487677663623e-07,
cuda,decode,1,4,2048,64,float32,sdpa_efficient,2,2028,1,ok,,0.2353,0.238,0.0009765625,8.195638656616211e-08,6.615487677663623e-07,
cuda,decode,1,4,2048,64,float16,sdpa_efficient,2,2028,1,ok,,0.11885000000000001,0.1615,0.00048828125,5.723536014556885e-05,0.0004232466744724661,
cuda,decode,1,4,2048,64,float32,sdpa_flash,2,2028,1,unsupported,No available kernel. Aborting execution.,,,,,,
cuda,decode,1,4,2048,64,float32,sdpa_cudnn,2,2028,1,unsupported,No available kernel. Aborting execution.,,,,,,
cuda,decode,1,4,2048,64,float16,sdpa_cudnn,2,2028,1,ok,,0.0701,0.0844,0.01806640625,5.0321221351623535e-05,0.00040384987369179726,
cuda,decode,1,4,2048,64,float32,sdpa_math,2,2028,1,ok,,0.15455,0.1721,2.0322265625,2.9802322387695312e-08,2.234438909454184e-07,
cuda,decode,1,4,2048,64,float16,eager,2,2028,1,ok,,0.0788,0.2018,0.03173828125,6.70403242111206e-05,0.0006070078816264868,
cuda,decode,1,4,2048,64,float16,sdpa_math,2,2028,1,ok,,0.19924999999999998,0.2187,6.033203125,5.0321221351623535e-05,0.00041014052112586796,
cuda,decode,1,4,2048,64,float16,sdpa_auto,2,2028,1,ok,,0.10325000000000001,0.1259,0.00048828125,5.723536014556885e-05,0.0004232466744724661,
cuda,decode,1,4,2048,64,float16,sdpa_flash,2,2028,1,unsupported,No available kernel. Aborting execution.,,,,,,
cuda,decode,1,4,2048,64,float32,eager,2,2028,1,ok,,0.07785,0.0912,0.0634765625,0.0,0.0,
cuda,decode,4,4,2048,64,float16,sdpa_auto,2,2028,4,ok,,0.1029,0.1072,0.001953125,6.289780139923096e-05,0.0004747067578136921,
cuda,decode,4,4,2048,64,float32,eager,2,2028,4,ok,,0.07744999999999999,0.0909,0.25390625,0.0,0.0,
cuda,decode,4,4,2048,64,float16,sdpa_cudnn,2,2028,4,ok,,0.06835,0.075,0.01953125,6.158649921417236e-05,0.00047604498104192317,
cuda,decode,4,4,2048,64,float16,sdpa_efficient,2,2028,4,ok,,0.1185,0.1251,0.001953125,6.289780139923096e-05,0.0004747067578136921,
cuda,decode,4,4,2048,64,float32,sdpa_auto,2,2028,4,ok,,0.2206,0.2304,0.00390625,1.1920928955078125e-07,7.449153258676233e-07,
cuda,decode,4,4,2048,64,float32,sdpa_efficient,2,2028,4,ok,,0.2345,0.2415,0.00390625,1.1920928955078125e-07,7.449153258676233e-07,
cuda,decode,4,4,2048,64,float16,sdpa_math,2,2028,4,ok,,0.19465,0.2302,24.1328125,6.158649921417236e-05,0.00044241000432521105,
cuda,decode,4,4,2048,64,float16,sdpa_flash,2,2028,4,unsupported,No available kernel. Aborting execution.,,,,,,
cuda,decode,4,4,2048,64,float32,sdpa_flash,2,2028,4,unsupported,No available kernel. Aborting execution.,,,,,,
cuda,decode,4,4,2048,64,float32,sdpa_cudnn,2,2028,4,unsupported,No available kernel. Aborting execution.,,,,,,
cuda,decode,4,4,2048,64,float16,eager,2,2028,4,ok,,0.0821,0.1057,0.126953125,9.72747802734375e-05,0.000635107047855854,
cuda,decode,4,4,2048,64,float32,sdpa_math,2,2028,4,ok,,0.15315,0.1817,8.12890625,3.725290298461914e-08,2.464272199631523e-07,
cuda,prefill,1,4,256,64,float16,sdpa_flash,2,2028,256,unsupported,No available kernel. Aborting execution.,,,,,,
cuda,prefill,1,4,256,64,float16,eager,2,2028,256,ok,,0.1572,0.1906,1.1875,0.0014249086380004883,0.0005369953578338027,
cuda,prefill,1,4,256,64,float32,sdpa_efficient,2,2028,256,ok,,0.05475,0.0613,0.25,1.1920928955078125e-06,4.909608719572134e-07,
cuda,prefill,1,4,256,64,float32,sdpa_math,2,2028,256,ok,,0.22644999999999998,0.255,2.75146484375,5.960464477539062e-07,1.7514585692879336e-07,
cuda,prefill,1,4,256,64,float32,sdpa_auto,2,2028,256,ok,,0.0433,0.0682,0.25,1.1920928955078125e-06,4.909608719572134e-07,
cuda,prefill,1,4,256,64,float32,sdpa_cudnn,2,2028,256,unsupported,No available kernel. Aborting execution.,,,,,,
cuda,prefill,1,4,256,64,float16,sdpa_cudnn,2,2028,256,ok,,0.0633,0.07,0.1259765625,0.0014696121215820312,0.00040653994074091315,
cuda,prefill,1,4,256,64,float32,eager,2,2028,256,ok,,0.15115,0.1764,2.3125,0.0,0.0,
cuda,prefill,1,4,256,64,float16,sdpa_math,2,2028,256,ok,,0.26185,0.2985,3.50146484375,0.0014696121215820312,0.00037992806755937636,
cuda,prefill,1,4,256,64,float16,sdpa_efficient,2,2028,256,ok,,0.048600000000000004,0.0532,0.125,0.0014696121215820312,0.00040666889981366694,
cuda,prefill,1,4,256,64,float32,sdpa_flash,2,2028,256,unsupported,No available kernel. Aborting execution.,,,,,,
cuda,prefill,1,4,256,64,float16,sdpa_auto,2,2028,256,ok,,0.0289,0.0339,0.125,0.0014696121215820312,0.00040666889981366694,
cuda,prefill,1,4,2048,64,float32,sdpa_cudnn,2,2028,2048,unsupported,No available kernel. Aborting execution.,,,,,,
cuda,prefill,1,4,2048,64,float32,sdpa_auto,2,2028,2048,ok,,0.4899,0.5386,2.0,1.2516975402832031e-06,6.233549356693402e-07,
cuda,prefill,1,4,2048,64,float16,eager,2,2028,2048,ok,,1.1563500000000002,1.1727,72.0,0.0012841224670410156,0.0005643138429149985,
cuda,prefill,1,4,2048,64,float16,sdpa_cudnn,2,2028,2048,ok,,0.16544999999999999,0.1813,1.0009765625,0.0014805793762207031,0.0004217169189359993,
cuda,prefill,1,4,2048,64,float32,sdpa_flash,2,2028,2048,unsupported,No available kernel. Aborting execution.,,,,,,
cuda,prefill,1,4,2048,64,float16,sdpa_efficient,2,2028,2048,ok,,0.22275,0.2335,1.0,0.0014805793762207031,0.0004217248351778835,
cuda,prefill,1,4,2048,64,float16,sdpa_flash,2,2028,2048,unsupported,No available kernel. Aborting execution.,,,,,,
cuda,prefill,1,4,2048,64,float16,sdpa_math,2,2028,2048,ok,,2.7573499999999997,2.7965,168.00830078125,0.0014805793762207031,0.0003912864194717258,
cuda,prefill,1,4,2048,64,float16,sdpa_auto,2,2028,2048,ok,,0.21465,0.2269,1.0,0.0014805793762207031,0.0004217248351778835,
cuda,prefill,1,4,2048,64,float32,sdpa_efficient,2,2028,2048,ok,,0.5497000000000001,0.594,2.0,1.2516975402832031e-06,6.233549356693402e-07,
cuda,prefill,1,4,2048,64,float32,sdpa_math,2,2028,2048,ok,,2.42525,2.4411,162.00830078125,3.5762786865234375e-07,2.2116091713542119e-07,
cuda,prefill,1,4,2048,64,float32,eager,2,2028,2048,ok,,2.3407999999999998,2.3591,136.0,0.0,0.0,
cuda,prefill,4,4,2048,64,float16,sdpa_auto,2,2028,8192,ok,,0.5479499999999999,0.5807,4.0,0.0016710758209228516,0.00042282650247216225,
cuda,prefill,4,4,2048,64,float32,sdpa_flash,2,2028,8192,unsupported,No available kernel. Aborting execution.,,,,,,
cuda,prefill,4,4,2048,64,float16,sdpa_flash,2,2028,8192,unsupported,No available kernel. Aborting execution.,,,,,,
cuda,prefill,4,4,2048,64,float32,sdpa_math,2,2028,8192,ok,,10.296299999999999,10.9181,600.03173828125,5.513429641723633e-07,2.2202716820629576e-07,
cuda,prefill,4,4,2048,64,float32,sdpa_efficient,2,2028,8192,ok,,1.8853,2.2335,8.0,1.5497207641601562e-06,6.240518359845737e-07,
cuda,prefill,4,4,2048,64,float16,sdpa_cudnn,2,2028,8192,ok,,0.346,0.3617,4.0009765625,0.0016710758209228516,0.00042282696813344955,
cuda,prefill,4,4,2048,64,float32,sdpa_auto,2,2028,8192,ok,,1.5421,1.5862,8.0,1.5497207641601562e-06,6.240518359845737e-07,
cuda,prefill,4,4,2048,64,float16,sdpa_math,2,2028,8192,ok,,10.69065,10.7595,624.03173828125,0.0016710758209228516,0.0003941477043554187,
cuda,prefill,4,4,2048,64,float32,eager,2,2028,8192,ok,,10.999649999999999,11.1494,524.0,0.0,0.0,
cuda,prefill,4,4,2048,64,float16,eager,2,2028,8192,ok,,5.2623999999999995,5.4587,264.0,0.0023735761642456055,0.0005743453511968255,
cuda,prefill,4,4,2048,64,float32,sdpa_cudnn,2,2028,8192,unsupported,No available kernel. Aborting execution.,,,,,,
cuda,prefill,4,4,2048,64,float16,sdpa_efficient,2,2028,8192,ok,,0.56555,0.5993,4.0,0.0016710758209228516,0.00042282650247216225,
