device,mode,batch,heads,length,head_dim,dtype,backend,status,successful_trials,expected_trials,reason,median_ms,min_median_ms,max_median_ms,spread_ratio,p95_ms,relative_l2_error,max_abs_error,peak_extra_mib,model_state_mib,items_per_second
cuda,prefill,1,4,256,64,float32,sdpa_cudnn,unsupported,0,3,No available kernel. Aborting execution.,,,,,,,,,,
cuda,prefill,1,4,256,64,float16,sdpa_efficient,ok,3,3,,0.04965,0.048600000000000004,0.05335,1.0977366255144032,0.0575,0.00040666889981366694,0.0014696121215820312,0.125,,5156092.648539779
cuda,prefill,1,4,256,64,float32,sdpa_efficient,ok,3,3,,0.0604,0.05475,0.0814,1.4867579908675799,0.0946,4.909608719572134e-07,1.430511474609375e-06,0.25,,4238410.5960264895
cuda,prefill,1,4,256,64,float16,sdpa_cudnn,ok,3,3,,0.0633,0.0615,0.08685,1.4121951219512194,0.1292,0.00040653994074091315,0.0014696121215820312,0.1259765625,,4044233.8072669827
cuda,prefill,1,4,256,64,float16,eager,ok,3,3,,0.1572,0.1444,0.2137,1.4799168975069252,0.2453,0.0005369953578338027,0.0017991065979003906,1.1875,,1628498.727735369
cuda,prefill,1,4,256,64,float32,sdpa_auto,ok,3,3,,0.0515,0.0433,0.0556,1.2840646651270207,0.0716,4.909608719572134e-07,1.430511474609375e-06,0.25,,4970873.786407767
cuda,prefill,1,4,256,64,float16,sdpa_auto,ok,3,3,,0.033,0.0289,0.041749999999999995,1.4446366782006919,0.0477,0.00040666889981366694,0.0014696121215820312,0.125,,7757575.757575757
cuda,prefill,1,4,256,64,float32,sdpa_math,ok,3,3,,0.22644999999999998,0.22375,0.2952,1.3193296089385476,0.3302,1.7514585692879336e-07,5.960464477539062e-07,2.75146484375,,1130492.3824243762
cuda,prefill,1,4,256,64,float32,eager,ok,3,3,,0.15115,0.14975,0.2081,1.3896494156928214,0.2307,0.0,0.0,2.3125,,1693681.773073106
cuda,prefill,1,4,256,64,float32,sdpa_flash,unsupported,0,3,No available kernel. Aborting execution.,,,,,,,,,,
cuda,prefill,1,4,256,64,float16,sdpa_math,ok,3,3,,0.26185,0.25245,0.3542,1.4030501089324618,0.3862,0.00037992806755937636,0.0014696121215820312,3.50146484375,,977658.9650563298
cuda,prefill,1,4,256,64,float16,sdpa_flash,unsupported,0,3,No available kernel. Aborting execution.,,,,,,,,,,
cuda,decode,1,4,256,64,float16,sdpa_math,ok,3,3,,0.2004,0.19774999999999998,0.5398499999999999,2.7299620733249053,0.6952,0.000460931594716385,0.00017717480659484863,0.755859375,,4990.0199600798405
cuda,decode,1,4,256,64,float32,sdpa_math,ok,3,3,,0.15285,0.15265,0.39355,2.5781198820831968,0.519,2.1212575518347876e-07,8.940696716308594e-08,0.2548828125,,6542.36179260713
cuda,decode,1,4,256,64,float16,sdpa_cudnn,ok,3,3,,0.10135,0.0611,0.105,1.718494271685761,0.1459,0.0004764901823364198,0.00017717480659484863,0.00146484375,,9866.79822397632
cuda,decode,1,4,256,64,float32,eager,ok,3,3,,0.20035,0.0759,0.2008,2.645586297760211,0.2597,0.0,0.0,0.0087890625,,4991.265285749938
cuda,decode,1,4,256,64,float16,sdpa_flash,unsupported,0,3,No available kernel. Aborting execution.,,,,,,,,,,
cuda,decode,1,4,256,64,float16,sdpa_auto,ok,3,3,,0.0621,0.0288,0.06305,2.189236111111111,0.174,0.0004764901823364198,0.00017717480659484863,0.00048828125,,16103.05958132045
cuda,decode,1,4,256,64,float32,sdpa_auto,ok,3,3,,0.07644999999999999,0.0432,0.0766,1.7731481481481481,0.1295,6.033302497598925e-07,2.086162567138672e-07,0.0009765625,,13080.444735120996
cuda,decode,1,4,256,64,float32,sdpa_efficient,ok,3,3,,0.09175,0.05875,0.0926,1.5761702127659576,0.1371,6.033302497598925e-07,2.086162567138672e-07,0.0009765625,,10899.182561307902
cuda,decode,1,4,256,64,float16,eager,ok,3,3,,0.0774,0.07594999999999999,0.20085,2.644502962475313,0.2645,0.0007140827365219593,0.0002521723508834839,0.00439453125,,12919.896640826873
cuda,decode,1,4,256,64,float32,sdpa_flash,unsupported,0,3,No available kernel. Aborting execution.,,,,,,,,,,
cuda,decode,1,4,256,64,float32,sdpa_cudnn,unsupported,0,3,No available kernel. Aborting execution.,,,,,,,,,,
cuda,decode,1,4,256,64,float16,sdpa_efficient,ok,3,3,,0.07500000000000001,0.0484,0.0856,1.768595041322314,0.0947,0.0004764901823364198,0.00017717480659484863,0.00048828125,,13333.333333333332
cuda,prefill,1,4,2048,64,float16,eager,ok,3,3,,1.1563500000000002,1.13395,1.1638,1.0263239119890648,1.3545,0.0005836321506649256,0.0017365217208862305,72.0,,1771090.0678860203
cuda,prefill,1,4,2048,64,float32,sdpa_cudnn,unsupported,0,3,No available kernel. Aborting execution.,,,,,,,,,,
cuda,prefill,1,4,2048,64,float32,eager,ok,3,3,,2.33365,2.29175,2.3407999999999998,1.021402858077888,2.3591,0.0,0.0,136.0,,877595.1835108092
cuda,prefill,1,4,2048,64,float32,sdpa_auto,ok,3,3,,0.51245,0.4899,0.54795,1.1184935701163503,0.6005,6.352308332679968e-07,1.7881393432617188e-06,2.0,,3996487.4621914336
cuda,prefill,1,4,2048,64,float16,sdpa_math,ok,3,3,,2.6856999999999998,2.66835,2.7573499999999997,1.0333539453220153,2.8094,0.0003969520330429077,0.0014805793762207031,168.00830078125,,762557.2476449343
cuda,prefill,1,4,2048,64,float16,sdpa_cudnn,ok,3,3,,0.16544999999999999,0.1535,0.1824,1.1882736156351792,0.1934,0.00042656261939555407,0.0014805793762207031,1.0009765625,,12378362.042913267
cuda,prefill,1,4,2048,64,float32,sdpa_flash,unsupported,0,3,No available kernel. Aborting execution.,,,,,,,,,,
cuda,prefill,1,4,2048,64,float16,sdpa_flash,unsupported,0,3,No available kernel. Aborting execution.,,,,,,,,,,
cuda,prefill,1,4,2048,64,float32,sdpa_efficient,ok,3,3,,0.5497000000000001,0.5085999999999999,0.59395,1.1678136059771924,0.6603,6.352308332679968e-07,1.7881393432617188e-06,2.0,,3725668.5464798976
cuda,prefill,1,4,2048,64,float16,sdpa_efficient,ok,3,3,,0.22275,0.2084,0.25844999999999996,1.2401631477927062,0.2713,0.000426554586738348,0.0014805793762207031,1.0,,9194163.860830527
cuda,prefill,1,4,2048,64,float16,sdpa_auto,ok,3,3,,0.21465,0.19445,0.2452,1.260992543070198,0.2516,0.000426554586738348,0.0014805793762207031,1.0,,9541113.440484509
cuda,prefill,1,4,2048,64,float32,sdpa_math,ok,3,3,,2.42525,2.3800499999999998,2.5209,1.0591794290035925,2.5293,2.2313483327707218e-07,5.364418029785156e-07,162.00830078125,,844449.0258736212
cuda,prefill,4,4,256,64,float16,sdpa_cudnn,ok,3,3,,0.0623,0.0604,0.10289999999999999,1.70364238410596,0.1442,0.00040722571429796517,0.0015480518341064453,0.5009765625,,16436597.110754414
cuda,prefill,4,4,256,64,float32,sdpa_auto,ok,3,3,,0.065,0.0628,0.09605,1.5294585987261147,0.1207,4.698780173839623e-07,1.7881393432617188e-06,1.0,,15753846.153846154
cuda,prefill,4,4,256,64,float16,sdpa_auto,ok,3,3,,0.0352,0.03395,0.06705,1.974963181148748,0.1087,0.00040721442201174796,0.0015480518341064453,0.5,,29090909.09090909
cuda,prefill,4,4,256,64,float32,eager,ok,3,3,,0.1576,0.14565,0.3549,2.4366632337796084,0.4567,0.0,0.0,9.0625,,6497461.928934011
cuda,prefill,4,4,256,64,float32,sdpa_flash,unsupported,0,3,No available kernel. Aborting execution.,,,,,,,,,,
cuda,prefill,4,4,256,64,float16,sdpa_efficient,ok,3,3,,0.051250000000000004,0.0495,0.0852,1.7212121212121212,0.1403,0.00040721442201174796,0.0015480518341064453,0.5,,19980487.80487805
cuda,prefill,4,4,256,64,float32,sdpa_efficient,ok,3,3,,0.0822,0.0742,0.1127,1.5188679245283019,0.1429,4.698780173839623e-07,1.7881393432617188e-06,1.0,,12457420.92457421
cuda,prefill,4,4,256,64,float16,sdpa_flash,unsupported,0,3,No available kernel. Aborting execution.,,,,,,,,,,
cuda,prefill,4,4,256,64,float32,sdpa_math,ok,3,3,,0.2158,0.21350000000000002,0.5385,2.5222482435597184,0.6769,1.664745781226884e-07,5.960464477539062e-07,10.25439453125,,4745134.383688601
cuda,prefill,4,4,256,64,float16,eager,ok,3,3,,0.14500000000000002,0.1432,0.38249999999999995,2.6710893854748603,0.5119,0.0005278290482237935,0.002037644386291504,4.5625,,7062068.965517241
cuda,prefill,4,4,256,64,float16,sdpa_math,ok,3,3,,0.26544999999999996,0.2552,0.62885,2.4641457680250785,0.7532,0.0003818686818704009,0.0014985203742980957,13.25439453125,,3857600.301375024
cuda,prefill,4,4,256,64,float32,sdpa_cudnn,unsupported,0,3,No available kernel. Aborting execution.,,,,,,,,,,
cuda,decode,4,4,1024,64,float32,sdpa_flash,unsupported,0,3,No available kernel. Aborting execution.,,,,,,,,,,
cuda,decode,4,4,1024,64,float32,sdpa_auto,ok,3,3,,0.1363,0.1355,0.15239999999999998,1.1247232472324722,0.2299,6.963807095416996e-07,1.862645149230957e-07,0.00390625,,29347.028613352897
cuda,decode,4,4,1024,64,float32,sdpa_cudnn,unsupported,0,3,No available kernel. Aborting execution.,,,,,,,,,,
cuda,decode,4,4,1024,64,float32,sdpa_math,ok,3,3,,0.21605000000000002,0.1644,0.36865000000000003,2.2423965936739663,0.4836,2.2554677059360984e-07,4.842877388000488e-08,4.06640625,,18514.232816477666
cuda,decode,4,4,1024,64,float32,eager,ok,3,3,,0.07665,0.07545,0.19524999999999998,2.58780649436713,0.2586,0.0,0.0,0.12890625,,52185.25766470972
cuda,decode,4,4,1024,64,float16,sdpa_efficient,ok,3,3,,0.0778,0.07314999999999999,0.11025,1.5071770334928232,0.1418,0.0004818829183932394,0.0001010596752166748,0.001953125,,51413.88174807198
cuda,decode,4,4,1024,64,float16,sdpa_flash,unsupported,0,3,No available kernel. Aborting execution.,,,,,,,,,,
cuda,decode,4,4,1024,64,float16,sdpa_math,ok,3,3,,0.1933,0.19135,0.47195,2.4664227854716487,0.6616,0.00045205344213172793,0.0001010596752166748,12.0703125,,20693.222969477498
cuda,decode,4,4,1024,64,float16,sdpa_cudnn,ok,3,3,,0.0703,0.0703,0.11185,1.5910384068278804,0.1652,0.0004840408219024539,9.895861148834229e-05,0.01953125,,56899.00426742532
cuda,decode,4,4,1024,64,float32,sdpa_efficient,ok,3,3,,0.13755,0.134,0.16855,1.2578358208955223,0.2151,6.963807095416996e-07,1.862645149230957e-07,0.00390625,,29080.334423845874
cuda,decode,4,4,1024,64,float16,sdpa_auto,ok,3,3,,0.06764999999999999,0.0627,0.0938,1.4960127591706536,0.1177,0.0004818829183932394,0.0001010596752166748,0.001953125,,59127.864005912794
cuda,decode,4,4,1024,64,float16,eager,ok,3,3,,0.08215,0.08099999999999999,0.20415,2.5203703703703706,0.261,0.0006987486849538982,0.00015074573457241058,0.064453125,,48691.41813755326
cuda,prefill,4,4,1024,64,float32,sdpa_cudnn,unsupported,0,3,No available kernel. Aborting execution.,,,,,,,,,,
cuda,prefill,4,4,1024,64,float32,sdpa_efficient,ok,3,3,,0.50785,0.4387,0.7237,1.6496466833827217,0.7559,5.688619921784266e-07,1.7881393432617188e-06,4.0,,8065373.633947032
cuda,prefill,4,4,1024,64,float32,sdpa_auto,ok,3,3,,0.43955,0.43295,0.5571,1.2867536667051624,0.6074,5.688619921784266e-07,1.7881393432617188e-06,4.0,,9318621.317256285
cuda,prefill,4,4,1024,64,float32,eager,ok,3,3,,2.37775,2.3200000000000003,2.3842,1.0276724137931033,2.481,0.0,0.0,133.0,,1722636.9466933026
cuda,prefill,4,4,1024,64,float16,sdpa_efficient,ok,3,3,,0.22444999999999998,0.1956,0.2587,1.3225971370143148,0.3155,0.00042113810195587575,0.0015196800231933594,2.0,,18249053.241256405
cuda,prefill,4,4,1024,64,float32,sdpa_flash,unsupported,0,3,No available kernel. Aborting execution.,,,,,,,,,,
cuda,prefill,4,4,1024,64,float16,sdpa_flash,unsupported,0,3,No available kernel. Aborting execution.,,,,,,,,,,
cuda,prefill,4,4,1024,64,float16,sdpa_math,ok,3,3,,2.5591,2.5197,2.599,1.0314720006349964,2.7718,0.000394188507925719,0.0015196800231933594,164.01611328125,,1600562.6978234537
cuda,prefill,4,4,1024,64,float16,eager,ok,3,3,,1.11665,1.1044,1.23675,1.1198388265121333,1.2951,0.000563314650207758,0.0023823976516723633,67.0,,3668114.4494693954
cuda,prefill,4,4,1024,64,float32,sdpa_math,ok,3,3,,2.2593,2.2553,2.6426,1.1717288165654236,2.7384,2.0286137214498012e-07,5.960464477539062e-07,152.01611328125,,1812950.9139999114
cuda,prefill,4,4,1024,64,float16,sdpa_auto,ok,3,3,,0.2158,0.18275,0.30235,1.6544459644322846,0.3385,0.00042113810195587575,0.0015196800231933594,2.0,,18980537.534754403
cuda,prefill,4,4,1024,64,float16,sdpa_cudnn,ok,3,3,,0.14825,0.136,0.19690000000000002,1.4477941176470588,0.2495,0.00042116723489016294,0.0015196800231933594,2.0009765625,,27629005.059021924
cuda,decode,1,4,1024,64,float32,eager,ok,3,3,,0.07465,0.0744,0.12619999999999998,1.6962365591397848,0.1397,0.0,0.0,0.0322265625,,13395.847287340925
cuda,decode,1,4,1024,64,float16,sdpa_cudnn,ok,3,3,,0.0692,0.06885,0.1143,1.6601307189542485,0.1238,0.0004680295241996646,8.754432201385498e-05,0.009765625,,14450.867052023123
cuda,decode,1,4,1024,64,float32,sdpa_math,ok,3,3,,0.15505,0.15189999999999998,0.3913,2.576036866359447,0.407,2.0464150907173462e-07,4.470348358154297e-08,1.0166015625,,6449.532408900355
cuda,decode,1,4,1024,64,float32,sdpa_flash,unsupported,0,3,No available kernel. Aborting execution.,,,,,,,,,,
cuda,decode,1,4,1024,64,float16,sdpa_flash,unsupported,0,3,No available kernel. Aborting execution.,,,,,,,,,,
cuda,decode,1,4,1024,64,float32,sdpa_auto,ok,3,3,,0.11885000000000001,0.118,0.15139999999999998,1.283050847457627,0.1749,6.861096153443214e-07,2.086162567138672e-07,0.0009765625,,8413.967185527976
cuda,decode,1,4,1024,64,float32,sdpa_cudnn,unsupported,0,3,No available kernel. Aborting execution.,,,,,,,,,,
cuda,decode,1,4,1024,64,float16,eager,ok,3,3,,0.07985,0.0796,0.0854,1.0728643216080402,0.1303,0.0010911674471572042,0.00031384825706481934,0.01611328125,,12523.481527864746
cuda,decode,1,4,1024,64,float32,sdpa_efficient,ok,3,3,,0.133,0.13295,0.1347,1.0131628431741253,0.1552,6.861096153443214e-07,2.086162567138672e-07,0.0009765625,,7518.796992481202
cuda,decode,1,4,1024,64,float16,sdpa_auto,ok,3,3,,0.0597,0.0597,0.05995,1.0041876046901173,0.0658,0.0004607654409483075,9.939074516296387e-05,0.00048828125,,16750.418760469012
cuda,decode,1,4,1024,64,float16,sdpa_math,ok,3,3,,0.20265,0.2012,0.20395,1.0136679920477136,0.2555,0.0004295330436434597,8.736550807952881e-05,3.017578125,,4934.616333580064
cuda,decode,1,4,1024,64,float16,sdpa_efficient,ok,3,3,,0.07565,0.0745,0.0759,1.0187919463087247,0.0868,0.0004607654409483075,9.939074516296387e-05,0.00048828125,,13218.770654329148
cuda,decode,4,4,2048,64,float16,sdpa_math,ok,3,3,,0.19465,0.18905,0.2101,1.1113462047077494,0.238,0.00044241000432521105,6.307661533355713e-05,24.1328125,,20549.704597996406
cuda,decode,4,4,2048,64,float16,eager,ok,3,3,,0.0821,0.07905000000000001,0.09204999999999999,1.1644528779253636,0.1228,0.0007695572567172348,0.00016731023788452148,0.126953125,,48721.071863581
cuda,decode,4,4,2048,64,float32,sdpa_auto,ok,3,3,,0.2206,0.21935,0.22105,1.0077501709596535,0.246,7.604006668771035e-07,1.2665987014770508e-07,0.00390625,,18132.366273798732
cuda,decode,4,4,2048,64,float16,sdpa_cudnn,ok,3,3,,0.0696,0.06835,0.0784,1.147037307973665,0.1122,0.00047604498104192317,6.307661533355713e-05,0.01953125,,57471.2643678161
cuda,decode,4,4,2048,64,float16,sdpa_flash,unsupported,0,3,No available kernel. Aborting execution.,,,,,,,,,,
cuda,decode,4,4,2048,64,float32,sdpa_cudnn,unsupported,0,3,No available kernel. Aborting execution.,,,,,,,,,,
cuda,decode,4,4,2048,64,float32,sdpa_math,ok,3,3,,0.15865,0.15315,0.1729,1.128958537381652,0.2111,2.467250226345641e-07,3.725290298461914e-08,8.12890625,,25212.732429877087
cuda,decode,4,4,2048,64,float16,sdpa_auto,ok,3,3,,0.10345,0.1029,0.10985,1.0675413022351798,0.1189,0.00048126716865226626,7.876008749008179e-05,0.001953125,,38666.02223296279
cuda,decode,4,4,2048,64,float32,eager,ok,3,3,,0.07805000000000001,0.07744999999999999,0.08095,1.0451904454486767,0.1094,0.0,0.0,0.25390625,,51249.199231262006
cuda,decode,4,4,2048,64,float16,sdpa_efficient,ok,3,3,,0.1185,0.11685000000000001,0.1186,1.0149764655541291,0.1395,0.00048126716865226626,7.876008749008179e-05,0.001953125,,33755.27426160338
cuda,decode,4,4,2048,64,float32,sdpa_efficient,ok,3,3,,0.2345,0.23445,0.23595,1.0063979526551503,0.2549,7.604006668771035e-07,1.2665987014770508e-07,0.00390625,,17057.569296375266
cuda,decode,4,4,2048,64,float32,sdpa_flash,unsupported,0,3,No available kernel. Aborting execution.,,,,,,,,,,
cuda,decode,4,4,256,64,float16,eager,ok,3,3,,0.0807,0.08,0.20215,2.526875,0.2949,0.0006161145283840597,0.00035011768341064453,0.017578125,,49566.29491945478
cuda,decode,4,4,256,64,float32,sdpa_auto,ok,3,3,,0.04335,0.0432,0.07655,1.7719907407407407,0.1003,7.449597205777536e-07,5.960464477539062e-07,0.00390625,,92272.2029988466
cuda,decode,4,4,256,64,float32,sdpa_math,ok,3,3,,0.1527,0.15205,0.3927,2.582703058204538,0.5074,2.387993163210922e-07,2.384185791015625e-07,1.01953125,,26195.15389652914
cuda,decode,4,4,256,64,float32,eager,ok,3,3,,0.07725,0.0748,0.19985,2.671791443850267,0.2748,0.0,0.0,0.03515625,,51779.935275080905
cuda,decode,4,4,256,64,float16,sdpa_cudnn,ok,3,3,,0.0933,0.0599,0.10525000000000001,1.7570951585976629,0.1404,0.00044873097795061767,0.00025221705436706543,0.0029296875,,42872.45444801715
cuda,decode,4,4,256,64,float16,sdpa_efficient,ok,3,3,,0.0746,0.048,0.08505,1.7718749999999999,0.0909,0.00044844995136372745,0.00025221705436706543,0.001953125,,53619.30294906166
cuda,decode,4,4,256,64,float16,sdpa_flash,unsupported,0,3,No available kernel. Aborting execution.,,,,,,,,,,
cuda,decode,4,4,256,64,float16,sdpa_auto,ok,3,3,,0.0428,0.0288,0.06205,2.154513888888889,0.1158,0.00044844995136372745,0.00025221705436706543,0.001953125,,93457.94392523365
cuda,decode,4,4,256,64,float16,sdpa_math,ok,3,3,,0.27690000000000003,0.2056,0.53935,2.6232976653696496,0.6454,0.0004150596505496651,0.00025221705436706543,3.0234375,,14445.648248465148
cuda,decode,4,4,256,64,float32,sdpa_efficient,ok,3,3,,0.0782,0.0583,0.0936,1.6054888507718696,0.1661,7.449597205777536e-07,5.960464477539062e-07,0.00390625,,51150.89514066496
cuda,decode,4,4,256,64,float32,sdpa_flash,unsupported,0,3,No available kernel. Aborting execution.,,,,,,,,,,
cuda,decode,4,4,256,64,float32,sdpa_cudnn,unsupported,0,3,No available kernel. Aborting execution.,,,,,,,,,,
cuda,decode,1,4,2048,64,float32,sdpa_auto,ok,3,3,,0.2343,0.21985,0.25370000000000004,1.153968614964749,0.3094,7.057054745018831e-07,1.341104507446289e-07,0.0009765625,,4268.032437046521
cuda,decode,1,4,2048,64,float32,sdpa_cudnn,unsupported,0,3,No available kernel. Aborting execution.,,,,,,,,,,
cuda,decode,1,4,2048,64,float32,eager,ok,3,3,,0.1178,0.07785,0.18,2.312138728323699,0.2575,0.0,0.0,0.0634765625,,8488.964346349745
cuda,decode,1,4,2048,64,float16,sdpa_flash,unsupported,0,3,No available kernel. Aborting execution.,,,,,,,,,,
cuda,decode,1,4,2048,64,float16,eager,ok,3,3,,0.12735000000000002,0.0788,0.19995000000000002,2.5374365482233507,0.2594,0.0006667607231065631,0.00010243803262710571,0.03173828125,,7852.37534354142
cuda,decode,1,4,2048,64,float16,sdpa_efficient,ok,3,3,,0.13955,0.11885000000000001,0.15825,1.3315103071098022,0.2302,0.0005122851580381393,6.490200757980347e-05,0.00048828125,,7165.890361877463
cuda,decode,1,4,2048,64,float32,sdpa_flash,unsupported,0,3,No available kernel. Aborting execution.,,,,,,,,,,
cuda,decode,1,4,2048,64,float32,sdpa_efficient,ok,3,3,,0.25505,0.2353,0.26925,1.1442838929026773,0.3047,7.057054745018831e-07,1.341104507446289e-07,0.0009765625,,3920.799843168006
cuda,decode,1,4,2048,64,float16,sdpa_auto,ok,3,3,,0.1164,0.10325000000000001,0.13695000000000002,1.3263922518159807,0.1745,0.0005122851580381393,6.490200757980347e-05,0.00048828125,,8591.06529209622
cuda,decode,1,4,2048,64,float16,sdpa_cudnn,ok,3,3,,0.0993,0.0701,0.11485,1.638373751783167,0.1774,0.0005004463600926101,5.607306957244873e-05,0.01806640625,,10070.493454179255
cuda,decode,1,4,2048,64,float32,sdpa_math,ok,3,3,,0.22085,0.15455,0.36615,2.3691362018764153,0.4261,2.2526113241383428e-07,3.725290298461914e-08,2.0322265625,,4527.960153950646
cuda,decode,1,4,2048,64,float16,sdpa_math,ok,3,3,,0.2807,0.19924999999999998,0.51335,2.5764115432873274,0.6275,0.00046910272794775665,5.924701690673828e-05,6.033203125,,3562.522265764161
cuda,prefill,4,4,2048,64,float32,sdpa_auto,ok,3,3,,1.52915,1.50885,1.5421,1.0220366504291347,1.5862,6.240518359845737e-07,2.0265579223632812e-06,8.0,,5357224.601903018
cuda,prefill,4,4,2048,64,float16,sdpa_cudnn,ok,3,3,,0.32455,0.29895,0.346,1.15738417795618,0.3617,0.00042673651478253305,0.0016710758209228516,4.0009765625,,25241103.065783393
cuda,prefill,4,4,2048,64,float16,sdpa_efficient,ok,3,3,,0.56555,0.5118499999999999,0.6588,1.2870958288561105,0.7273,0.000426723447162658,0.0016710758209228516,4.0,,14485014.587569622
cuda,prefill,4,4,2048,64,float32,sdpa_efficient,ok,3,3,,1.58325,1.5213,1.8853,1.2392690462104778,2.2335,6.240518359845737e-07,2.0265579223632812e-06,8.0,,5174167.061424285
cuda,prefill,4,4,2048,64,float32,eager,ok,3,3,,9.291699999999999,8.83475,10.999649999999999,1.2450437194034918,11.1494,0.0,0.0,524.0,,881647.0613558338
cuda,prefill,4,4,2048,64,float16,sdpa_auto,ok,3,3,,0.5479499999999999,0.5386500000000001,0.60695,1.1267984776756705,0.6293,0.000426723447162658,0.0016710758209228516,4.0,,14950269.185144631
cuda,prefill,4,4,2048,64,float16,sdpa_flash,unsupported,0,3,No available kernel. Aborting execution.,,,,,,,,,,
cuda,prefill,4,4,2048,64,float16,eager,ok,3,3,,5.2623999999999995,4.63725,5.276999999999999,1.1379589196183082,5.4587,0.0005743453511968255,0.0023735761642456055,264.0,,1556704.1653998177
cuda,prefill,4,4,2048,64,float32,sdpa_flash,unsupported,0,3,No available kernel. Aborting execution.,,,,,,,,,,
cuda,prefill,4,4,2048,64,float32,sdpa_math,ok,3,3,,10.93845,10.296299999999999,12.4031,1.204617192583744,12.6119,2.2378176822712703e-07,5.513429641723633e-07,600.03173828125,,748917.808281795
cuda,prefill,4,4,2048,64,float32,sdpa_cudnn,unsupported,0,3,No available kernel. Aborting execution.,,,,,,,,,,
cuda,prefill,4,4,2048,64,float16,sdpa_math,ok,3,3,,10.69065,10.4139,10.7438,1.03167881389297,11.2972,0.0003972687409259379,0.0016710758209228516,624.03173828125,,766277.0738916717
cuda,prefill,1,4,1024,64,float32,sdpa_cudnn,unsupported,0,3,No available kernel. Aborting execution.,,,,,,,,,,
cuda,prefill,1,4,1024,64,float16,sdpa_cudnn,ok,3,3,,0.0767,0.0737,0.0778,1.055630936227951,0.0821,0.00042894843500107527,0.001832723617553711,0.5009765625,,13350717.079530638
cuda,prefill,1,4,1024,64,float16,sdpa_math,ok,3,3,,0.4411,0.43815,0.45025000000000004,1.027616113203241,0.4912,0.00040269174496643245,0.0014307498931884766,44.00439453125,,2321469.054636137
cuda,prefill,1,4,1024,64,float32,sdpa_auto,ok,3,3,,0.2056,0.19385000000000002,0.20685,1.0670621614650502,0.2202,5.721256570723199e-07,1.6689300537109375e-06,1.0,,4980544.747081712
cuda,prefill,1,4,1024,64,float16,eager,ok,3,3,,0.2092,0.1989,0.21115,1.0615887380593263,0.4756,0.0005830206791870296,0.001832723617553711,18.0,,4894837.476099427
cuda,prefill,1,4,1024,64,float32,sdpa_efficient,ok,3,3,,0.22785,0.22605,0.26725,1.1822605618226056,0.2775,5.721256570723199e-07,1.6689300537109375e-06,1.0,,4494184.770682466
cuda,prefill,1,4,1024,64,float32,eager,ok,3,3,,0.32845,0.32685,0.33035000000000003,1.0107082759675694,0.3372,0.0,0.0,34.0,,3117673.9229715327
cuda,prefill,1,4,1024,64,float16,sdpa_efficient,ok,3,3,,0.10865,0.10665,0.1225,1.1486169714017815,0.1431,0.0004289897333364934,0.001832723617553711,0.5,,9424758.398527382
cuda,prefill,1,4,1024,64,float32,sdpa_flash,unsupported,0,3,No available kernel. Aborting execution.,,,,,,,,,,
cuda,prefill,1,4,1024,64,float32,sdpa_math,ok,3,3,,0.4332,0.39880000000000004,0.4608,1.1554663991975926,0.4767,2.0600759853550699e-07,5.960464477539062e-07,41.00439453125,,2363804.2474607574
cuda,prefill,1,4,1024,64,float16,sdpa_auto,ok,3,3,,0.0928,0.0823,0.107,1.3001215066828675,0.1098,0.0004289897333364934,0.001832723617553711,0.5,,11034482.75862069
cuda,prefill,1,4,1024,64,float16,sdpa_flash,unsupported,0,3,No available kernel. Aborting execution.,,,,,,,,,,
