length,dtype,backend,max_abs_error,relative_l2_error,median_ms,stdev_ms,peak_extra_mib,status,speedup_vs_eager
128,float32,eager,0.0,0.0,0.17236799746751785,0.03608366627165694,0.641,ok,1.0
128,float32,sdpa_math,5.960464477539062e-07,1.5308566503335896e-07,0.25857600569725037,0.07257674460813894,0.751,ok,0.6666047648262159
128,float32,sdpa_auto,1.430511474609375e-06,4.215255273720686e-07,0.02801600005477667,0.008308707496445685,0.125,ok,6.152484192265322
128,float32,sdpa_flash,,,,,,unsupported: No available kernel. Aborting execution.,
128,float32,sdpa_efficient,1.430511474609375e-06,4.215255273720686e-07,0.05571199953556061,0.028126813413513276,0.125,ok,3.0939115254245446
128,float32,sdpa_cudnn,,,,,,unsupported: No available kernel. Aborting execution.,
128,float16,eager,0.0017933845520019531,0.000520220841281116,0.5063040256500244,0.05598441307691813,0.328,ok,1.0
128,float16,sdpa_math,0.0017757415771484375,0.0003835417446680367,0.8338239789009094,0.08186560761081488,1.126,ok,0.6072073224823784
128,float16,sdpa_auto,0.0015283823013305664,0.0004043662338517606,0.05939199961721897,0.021690575626407402,0.062,ok,8.524784969577558
128,float16,sdpa_flash,,,,,,unsupported: No available kernel. Aborting execution.,
128,float16,sdpa_efficient,0.0015283823013305664,0.0004043662338517606,0.12268800288438797,0.024602877147014156,0.062,ok,4.126760675427471
128,float16,sdpa_cudnn,0.0015283823013305664,0.00040417679701931775,0.06216000020503998,0.005535183218015226,0.063,ok,8.145174130951386
256,float32,eager,0.0,0.0,0.14575999975204468,0.016371167463706038,2.312,ok,1.0
256,float32,sdpa_math,4.172325134277344e-07,1.6256180401796883e-07,0.22331199795007706,0.022337646262255893,2.751,ok,0.6527190705831682
256,float32,sdpa_auto,1.3113021850585938e-06,4.7555258220199903e-07,0.031328000128269196,0.02092888323735557,0.25,ok,4.652706816753247
256,float32,sdpa_flash,,,,,,unsupported: No available kernel. Aborting execution.,
256,float32,sdpa_efficient,1.3113021850585938e-06,4.7555258220199903e-07,0.055135998874902725,0.006128298810506488,0.25,ok,2.643644855020355
256,float32,sdpa_cudnn,,,,,,unsupported: No available kernel. Aborting execution.,
256,float16,eager,0.0015285015106201172,0.0005062519339844584,0.14958400279283524,0.019297619029403964,1.188,ok,1.0
256,float16,sdpa_math,0.0013842582702636719,0.0003698334039654583,0.25835199654102325,0.02032781166236116,3.501,ok,0.5789930203581107
256,float16,sdpa_auto,0.0013842582702636719,0.0003948025405406952,0.025439999997615814,0.006413168202806058,0.125,ok,5.879874324168787
256,float16,sdpa_flash,,,,,,unsupported: No available kernel. Aborting execution.,
256,float16,sdpa_efficient,0.0013842582702636719,0.0003948025405406952,0.048895999789237976,0.003708232421238407,0.125,ok,3.0592278189955064
256,float16,sdpa_cudnn,0.0013842582702636719,0.0003947751538362354,0.06392000243067741,0.01096115375121572,0.126,ok,2.340175173726913
512,float32,eager,0.0,0.0,0.1483519971370697,0.013757272074547602,8.75,ok,1.0
512,float32,sdpa_math,4.76837158203125e-07,1.832205072105353e-07,0.21502400189638138,0.028760524257129834,10.502,ok,0.6899322672292163
512,float32,sdpa_auto,1.0132789611816406e-06,4.999430416319228e-07,0.05766399949789047,0.019973963449459297,0.5,ok,2.5726969760829177
512,float32,sdpa_flash,,,,,,unsupported: No available kernel. Aborting execution.,
512,float32,sdpa_efficient,1.0132789611816406e-06,4.999430416319228e-07,0.05766399949789047,0.009315630820693662,0.5,ok,2.5726969760829177
512,float32,sdpa_cudnn,,,,,,unsupported: No available kernel. Aborting execution.,
512,float16,eager,0.001273512840270996,0.0005466018337756395,0.1549760028719902,0.018972593161353402,4.5,ok,1.0
512,float16,sdpa_math,0.0012438297271728516,0.000387473963201046,0.26343999803066254,0.040744876725113344,12.002,ok,0.5882781811057868
512,float16,sdpa_auto,0.0012438297271728516,0.0004131979658268392,0.028224000707268715,0.03676285875725331,0.25,ok,5.490929669374554
512,float16,sdpa_flash,,,,,,unsupported: No available kernel. Aborting execution.,
512,float16,sdpa_efficient,0.0012438297271728516,0.0004131979658268392,0.04927999898791313,0.0036491858294301245,0.25,ok,3.144805317670584
512,float16,sdpa_cudnn,0.0012438297271728516,0.000413461122661829,0.06425599753856659,0.010045022337092055,0.251,ok,2.4118527267275445
1024,float32,eager,0.0,0.0,0.3474079966545105,0.10364757308538683,34.0,ok,1.0
1024,float32,sdpa_math,5.662441253662109e-07,2.0956287016815622e-07,0.4392160028219223,0.03873589153501409,41.004,ok,0.7909729937489667
1024,float32,sdpa_auto,1.1920928955078125e-06,5.725445362259052e-07,0.20188799500465393,0.01687514041713149,1.0,ok,1.7207957147055823
1024,float32,sdpa_flash,,,,,,unsupported: No available kernel. Aborting execution.,
1024,float32,sdpa_efficient,1.1920928955078125e-06,5.725445362259052e-07,0.18449600040912628,0.009142892171845276,1.0,ok,1.8830109914801472
1024,float32,sdpa_cudnn,,,,,,unsupported: No available kernel. Aborting execution.,
1024,float16,eager,0.002062082290649414,0.000557919847778976,0.18748800456523895,0.0046087762707383,18.0,ok,1.0
1024,float16,sdpa_math,0.0015854835510253906,0.00039177018334157765,0.47291199862957,0.01843520137646447,44.004,ok,0.39645431942634535
1024,float16,sdpa_auto,0.0015854835510253906,0.00041790003888309,0.08502399921417236,0.004744826300312344,0.5,ok,2.2051186288351774
1024,float16,sdpa_flash,,,,,,unsupported: No available kernel. Aborting execution.,
1024,float16,sdpa_efficient,0.0015854835510253906,0.00041790003888309,0.07916799932718277,0.004334808268631067,0.5,ok,2.3682296655040505
1024,float16,sdpa_cudnn,0.0015854835510253906,0.00041790620889514685,0.10830399766564369,0.02093278733129303,0.501,ok,1.731127276982446
