trial,variant,context,clients,jobs,attempted,completed,errors,duration_ms,completed_requests_per_second,client_first_text_ms_median,client_first_text_ms_p95,client_total_ms_median,client_total_ms_p95,queue_ms_median,queue_ms_p95,generation_ms_median,generation_ms_p95,generated_tokens_per_second
0,batch1,short,4,12,12,12,0,28967.832800000906,0.41425259814395315,6802.933200029656,8836.238699965179,9212.028600042686,11389.41379985772,6742.178149870597,8789.704200113192,2287.1363000012934,3439.5439999643713,26.512166281213002
0,batch1,long,4,12,12,12,0,31912.173399934545,0.37603205051601446,8009.612850029953,9431.973499944434,10439.445300027728,12058.6508999113,7863.588850013912,9297.73490014486,2720.0769999762997,3577.684799907729,24.066051233024925
0,serial,short,4,12,12,12,0,26286.86590003781,0.45650173914352943,6515.8896000357345,6777.055100072175,8676.580299972557,8933.081099996343,6456.41089999117,6720.243600197136,2151.452999911271,2460.384099977091,29.216111305185883
0,serial,long,4,12,12,12,0,31375.543999951333,0.38246348812369957,7985.389600042254,8363.8224999886,10678.882400039583,10985.78460002318,7853.2402500277385,8225.73269996792,2696.4572499273345,2960.870200069621,24.477663239916772
0,batch4,short,4,12,12,12,0,6856.843200046569,1.7500764783302176,173.31779992673546,180.235399864614,2296.114399912767,2357.508699875325,0.6194500019773841,10.45559998601675,2290.0306000374258,2341.439599869773,112.00489461313393
0,batch4,long,4,12,12,12,0,10476.664200192317,1.1454027513623772,537.2261500451714,3168.1951000355184,2630.2883500466123,5225.039600161836,0.9856499964371324,2610.1057999767363,2603.1063001137227,2947.827900061384,73.30577608719214
0,batch2,short,4,12,12,12,0,15339.213600149378,0.7823086836657089,2636.1285499297082,2718.319100094959,5057.958799996413,5221.3451999705285,2548.763550003059,2640.2660000603646,2574.498299974948,2640.176600078121,50.06775575460537
0,batch2,long,4,12,12,12,0,15136.781200068071,0.7927709227868098,2655.856949975714,3134.3206998426467,4940.267600002699,5302.053399849683,2405.772449914366,2871.708999853581,2404.1040000738576,2870.230299886316,50.73733905835583
1,batch2,short,4,12,12,12,0,12698.605899931863,0.9449856224031954,2137.023599934764,2348.4885999932885,4145.186299923807,4290.156899951398,2051.175000029616,2255.169900134206,2071.0462500574067,2252.9147998429835,60.479079833804505
1,batch2,long,4,12,12,12,0,14988.919700030237,0.800591386180806,2659.91855005268,3062.534600030631,4925.737450015731,5567.352899815887,2397.0979501027614,2809.4264999963343,2400.0884998822585,2807.945900131017,51.23784871557159
1,batch4,short,4,12,12,12,0,9254.875299986452,1.2966139046754706,145.69795003626496,2608.233399922028,2352.3454000242054,4864.600100088865,13.89794994611293,2426.2922999914736,2341.9541000621393,2422.3612998612225,82.98328989923012
1,batch4,long,4,12,12,12,0,7599.579900037497,1.579034651631308,553.2697499729693,565.2791999746114,2516.0477000754327,2588.7766000814736,0.6127000087872148,1.707300078123808,2508.8192000985146,2579.6462998259813,101.05821770440372
1,serial,short,4,12,12,12,0,24841.872399905697,0.48305537548955263,6191.82790000923,6288.341599982232,8208.578400081024,8353.126500034705,6143.556299968623,6235.806999960914,2086.9770999997854,2189.263799926266,30.91554403133137
1,serial,long,4,12,12,12,0,27166.165699949488,0.44172593705494156,6744.65979996603,7336.910200072452,8920.309900073335,9419.455700088292,6616.172699956223,7201.360700186342,2215.1059000752866,2869.585199980065,28.27045997151626
1,batch1,short,4,12,12,12,0,29179.1499000974,0.4112525567429209,7232.533450005576,7983.5618999786675,9485.91479996685,10249.667699914426,7173.36850007996,7929.045500000939,2458.195149898529,3009.0175999794155,26.320163631546937
1,batch1,long,4,12,12,12,0,31335.637499811128,0.3829505622814385,7562.80215003062,8720.979300094768,10248.377450043336,10942.487500142306,7417.4310500966385,8588.616899913177,2484.885400044732,3329.802099848166,24.508835986012063
2,serial,short,4,12,12,12,0,37402.529400074854,0.32083391664885597,9247.536549926735,9746.831299969926,12453.89929995872,12964.907699963078,9193.264250061475,9691.380300093442,3118.4349498944357,3330.324900103733,20.533370665526782
2,serial,long,4,12,12,12,0,30942.411500029266,0.38781721974024713,7721.795549965464,9504.168800078332,10265.114199952222,11737.651200033724,7589.068499859422,9372.705799993128,2327.326349914074,3529.072100063786,24.820302063375816
2,batch2,short,4,12,12,12,0,13787.064999807626,0.8703810419525431,2358.391800080426,2525.496499845758,4500.84314995911,4783.652100013569,2262.7455500187352,2447.54260010086,2278.693499858491,2446.2798999156803,55.704386684962756
2,batch2,long,4,12,12,12,0,14720.106799853966,0.8152114765987329,2644.920549937524,2923.5333998221904,4868.276749853976,5230.991599848494,2390.632349997759,2669.072699965909,2436.1717998981476,2667.584699811414,52.17353450231891
2,batch4,short,4,12,12,12,0,9165.56950006634,1.309247614118593,170.9152499679476,2294.087199959904,2250.0955500872806,4689.463800052181,0.8993501542136073,2101.5529001597315,2243.977499892935,2561.1330999527127,83.79184730358995
2,batch4,long,4,12,12,12,0,7870.433900039643,1.5246935750187238,544.6842500241473,557.6216001063585,2636.7695000953972,2739.937199978158,0.7192500634118915,1.3054998125880957,2628.9009999018162,2731.4240001142025,97.58038880119832
2,batch1,short,4,12,12,12,0,29764.16250015609,0.4031694155660207,7673.510450054891,7904.284699819982,10014.399849926122,10434.980100020766,7618.671200121753,7855.990400072187,2505.6875000009313,2903.5955001600087,25.802842596225325
2,batch1,long,4,12,12,12,0,28949.17429983616,0.41451959478056394,6954.826149973087,8206.49590017274,9054.719350067899,10857.975899940357,6811.657999875024,8071.608799975365,2394.2467499291524,2876.6640999820083,26.529254065956092
