context,clients,method,attempted,completed,errors,duration_ms,completed_requests_per_second,client_first_text_ms_median,client_first_text_ms_p95,client_total_ms_median,client_total_ms_p95,queue_ms_median,queue_ms_p95,generation_ms_median,generation_ms_p95,generated_tokens_per_second,matched_serial_outputs,changed_output_tokens,changed_answer_text,keyword_passes,output_tokens_median,peak_allocated_mib,observed_batch_sizes,paired_throughput_ratios,post_eos_wait_ms_median
long,1,batch1,36,36,0,33743.89959988184,1.0668595042917344,130.38815010804683,159.88980000838637,885.0756001193076,1329.1005999781191,0.0684000551700592,0.22909999825060368,881.3184499740601,1311.730599962175,23.648719011800114,36,0,0,30,20.5,3114.09814453125,{1: 36},"[0.8874045858260103, 1.0767794288727635, 1.0160633466574163]",0.5848999135196209
long,1,batch2,36,36,0,34258.49359971471,1.0508342958868393,153.63115002401173,169.17139990255237,879.0340500418097,1585.1689998526126,16.88204985111952,24.082900024950504,853.8118000142276,1563.4518000297248,23.293493558824938,36,0,0,30,20.5,3113.83642578125,{1: 36},"[1.0561250166955853, 0.9366576284257779, 0.9208076904248171]",0.5965001182630658
long,1,batch4,36,36,0,31952.33350014314,1.1266782753077713,148.83084991015494,169.0573999658227,810.4878000449389,1295.6526998896152,15.447800047695637,23.706800071522593,787.0909000048414,1280.801400076598,24.974701769322266,36,0,0,30,20.5,3114.31005859375,{1: 36},"[1.0596031227260598, 1.04788448065234, 1.0107335899424936]",0.6431499496102333
long,1,serial,36,36,0,33218.599299900234,1.0837302221863436,135.65720000769943,157.88400010205805,885.0277001038194,1319.694499950856,0.044199987314641476,0.11739996261894703,873.5757998656482,1313.2934998720884,24.022686591797285,36,0,0,30,20.5,3113.83642578125,{1: 36},"[1.0, 1.0, 1.0]",0.0
long,2,batch1,36,36,0,33869.04920008965,1.0629173493274418,966.696499963291,1479.3050999287516,1879.5937498798594,2446.7838001437485,830.0704000284895,1343.3279998134822,861.1735500162467,1342.472500167787,23.56133457675829,36,0,0,30,20.5,3114.09814453125,{1: 36},"[0.920044046379366, 0.8667452446560167, 1.0666854999286652]",0.6001999136060476
long,2,batch2,36,36,0,23559.95039991103,1.5280167992261964,254.9512500409037,1359.8303000908345,1097.7730000158772,2018.8341999892145,0.38074993062764406,1083.14219978638,1044.6391999721527,1422.0131998881698,33.87103904951402,36,0,0,30,20.5,3273.17822265625,"{1: 10, 2: 26}","[1.4304588696092, 1.3121875762958064, 1.3377257850363102]",0.6745500722900033
long,2,batch4,36,36,0,25706.73880004324,1.4004110081804482,273.8815499469638,1516.6630998719484,1201.767549966462,2500.7404999341816,20.53609990980476,1264.7120000328869,1066.3549000164494,1275.670100003481,31.042444014666604,36,0,0,30,20.5,3273.4775390625,"{2: 22, 1: 14}","[1.3628753326291447, 1.114479439875878, 1.2770803536504154]",0.8062500273808837
long,2,serial,36,36,0,32026.793400058523,1.1240588325628071,889.2316499259323,1718.7588999513537,1644.8314501903951,2791.1018000449985,757.5559500837699,1582.1685998234898,765.3184500522912,1589.6848000120372,24.916637455142226,36,0,0,30,20.5,3113.83642578125,{1: 36},"[1.0, 1.0, 1.0]",0.0
long,4,batch1,36,36,0,33152.63390005566,1.0858865726484421,2676.991550019011,3874.4125000666827,3452.1399000659585,5070.615899981931,2538.2384000113234,3739.0403000172228,833.6901500588283,1469.7681001853198,24.070485693707134,36,0,0,30,20.5,3114.09814453125,{1: 36},"[0.9847844049352944, 0.998464106543327, 1.0599618174217516]",0.7408000528812408
long,4,batch2,36,36,0,20554.232200141996,1.7514641096518944,1311.9175999891013,1923.5243001021445,2201.5498999971896,2674.378100084141,1047.052999958396,1660.1175998803228,1147.7864499902353,1657.0116998627782,38.82412109728366,36,0,0,30,20.5,3273.17822265625,{2: 36},"[1.830221900507676, 1.4369632778360182, 1.6650113281793415]",0.8018000517040491
long,4,batch4,36,36,0,15181.979099987075,2.371232351388934,541.2645000033081,570.0362001080066,1587.501900154166,1768.7334001529962,0.7704999297857285,19.979699980467558,1579.3322001118213,1759.5214999746531,54.14313869004732,36,10,10,30,22.0,3599.22314453125,"{4: 32, 3: 3, 1: 1}","[2.0803843486106595, 2.2631125981352747, 2.317265820218422]",189.85339999198914
long,4,serial,36,36,0,33601.61890019663,1.0713769508227278,2701.9999000476673,3632.800300139934,3453.5605498822406,4587.348299799487,2572.74144992698,3479.8182998783886,848.6175000434741,1474.742399994284,23.748855743237133,36,0,0,30,20.5,3113.83642578125,{1: 36},"[1.0, 1.0, 1.0]",0.0
short,1,batch1,36,36,0,25672.394399996847,1.4022844709804092,53.32834995351732,70.28860016725957,767.1838500536978,1394.5000001695007,0.052299932576715946,0.15480001457035542,758.8423000415787,1391.6331001091748,25.474834556144103,36,0,0,36,20.5,2997.32666015625,{1: 36},"[0.925605310715045, 0.9345932256738044, 1.160978571220638]",0.6588500691577792
short,1,batch2,36,36,0,25685.40699989535,1.4015740533193293,72.9607999091968,93.3375998865813,801.2925500515848,1398.213299922645,15.724650002084672,23.02540000528097,776.2756000738591,1378.3946000039577,25.46192863530115,36,0,0,36,20.5,2997.8740234375,{1: 36},"[0.9901132685183035, 0.9720410727970654, 1.0347520657760825]",0.6329999305307865
short,1,batch4,36,36,0,25848.673000233248,1.392721398103305,71.39975007157773,91.71239985153079,829.2879001237452,1557.4761000461876,15.05235000513494,23.127299966290593,813.9957499224693,1532.7121000736952,25.301105398876707,36,0,0,36,20.5,2997.32666015625,{1: 36},"[0.9365368876927509, 1.0194681977399105, 1.0273571074976537]",0.6068000802770257
short,1,serial,36,36,0,25668.747100047767,1.4024837230927023,52.75755003094673,72.50520004890859,729.7463999129832,1472.781099844724,0.04385004285722971,0.23239990696310997,722.9390500579029,1469.3688999395818,25.47845430285076,36,0,0,36,20.5,2997.32666015625,{1: 36},"[1.0, 1.0, 1.0]",0.0
short,2,batch1,36,36,0,26544.068000046536,1.356235223626495,743.0723499273881,1818.4458001051098,1264.7604499943554,2990.3378000017256,691.0349500831217,1763.1027000024915,743.2231499115005,2054.8545999918133,24.638273229214658,36,0,0,36,20.5,2997.32666015625,{1: 36},"[0.9186537168935253, 0.8111335475379557, 1.1748024333901605]",0.6308498559519649
short,2,batch2,36,36,0,20250.456500099972,1.777737701854883,92.90094999596477,1177.9440001118928,1103.0501498607919,2124.8655000235885,6.177450064569712,1086.3849001470953,809.9873500177637,1549.2648999206722,32.789384278656726,36,1,1,36,20.5,3036.87841796875,"{2: 22, 1: 14}","[1.262102210415503, 1.1541115662514658, 1.3177225201114782]",0.7946500554680824
short,2,batch4,36,36,0,21347.812900086865,1.6863554205055598,123.66735003888607,1267.7512001246214,1095.3415499534458,2020.9259998518974,20.108549972064793,1190.8211999107152,870.3190999804065,1454.4428999070078,31.103888867102548,36,3,3,36,20.5,3036.65283203125,"{2: 20, 1: 16}","[1.5075738552132363, 1.0009219252228592, 1.1191195380797898]",0.658900011330843
short,2,serial,36,36,0,25160.096499836072,1.4308371194138525,756.0287000378594,1447.7615000214428,1381.9339501205832,2251.9022999331355,705.2010499173775,1395.6108000129461,748.8514501601458,1395.8209999836981,25.99354100268499,36,0,0,36,20.5,2997.32666015625,{1: 36},"[1.0, 1.0, 1.0]",0.0
short,4,batch1,36,36,0,23966.249200049788,1.5021123956236428,1727.6083999313414,3224.6097000315785,2238.594549940899,4217.190600000322,1672.4582500755787,3165.6774999573827,733.4466500906274,1512.119699968025,27.288375187162845,36,0,0,36,20.5,2997.32666015625,{1: 36},"[0.8018030034871746, 1.0325415341221698, 0.9483772263880778]",0.6571999983862042
short,4,batch2,36,36,0,16166.971600148827,2.2267621228250687,951.1772500118241,1431.6225999500602,1810.606649843976,2346.0403999779373,857.6635499484837,1353.8389999885112,874.908149940893,1353.5050998907536,41.68993529955823,36,3,3,36,20.5,3036.87841796875,{2: 36},"[1.556616449104083, 1.2174257819562135, 1.355714061951699]",1.1853498872369528
short,4,batch4,36,36,0,15665.814500069246,2.2979973368024287,171.61135002970695,1578.897099941969,1465.3167000506073,2296.5428999159485,11.058500036597252,1457.5322000309825,1315.8543999306858,1930.4210001137108,41.746951618577455,36,1,1,36,20.5,3117.9306640625,"{4: 16, 3: 12, 2: 6, 1: 2}","[1.3460778734668046, 1.5604093289019312, 1.331660800260821]",373.8716001389548
short,4,serial,36,36,0,22012.789600063115,1.6354128965052561,1697.0911000389606,2628.082900075242,2095.057550002821,3372.3430999089032,1646.569500095211,2565.4168999753892,655.5198999121785,1252.412499859929,29.71000095317882,36,0,0,36,20.5,2997.32666015625,{1: 36},"[1.0, 1.0, 1.0]",0.0
