length,dtype,backend,ok_trials,median_of_medians_ms,min_median_ms,max_median_ms,max_relative_l2_error
128,float32,eager,3,0.17236799746751785,0.16219200193881989,0.23719999939203262,0.0
128,float32,sdpa_math,3,0.31963199377059937,0.25857600569725037,0.3378399908542633,1.5308566503335896e-07
128,float32,sdpa_auto,3,0.02801600005477667,0.02731199935078621,0.043935999274253845,4.215255273720686e-07
128,float32,sdpa_flash,0,,,,
128,float32,sdpa_efficient,3,0.061983998864889145,0.05571199953556061,0.08235200121998787,4.215255273720686e-07
128,float32,sdpa_cudnn,0,,,,
128,float16,eager,3,0.25729601085186005,0.1536320000886917,0.5063040256500244,0.000520220841281116
128,float16,sdpa_math,3,0.41358400881290436,0.27487999200820923,0.8338239789009094,0.0003835417446680367
128,float16,sdpa_auto,3,0.04670399986207485,0.04134400002658367,0.05939199961721897,0.0004043662338517606
128,float16,sdpa_flash,0,,,,
128,float16,sdpa_efficient,3,0.08559999987483025,0.08342400193214417,0.12268800288438797,0.0004043662338517606
128,float16,sdpa_cudnn,3,0.06192000024020672,0.06148799881339073,0.06216000020503998,0.00040417679701931775
256,float32,eager,3,0.15404799580574036,0.14575999975204468,0.15508799999952316,0.0
256,float32,sdpa_math,3,0.22777600586414337,0.22331199795007706,0.24689599871635437,1.6256180401796883e-07
256,float32,sdpa_auto,3,0.031328000128269196,0.03110400028526783,0.04657600075006485,4.7555258220199903e-07
256,float32,sdpa_flash,0,,,,
256,float32,sdpa_efficient,3,0.05518399924039841,0.055135998874902725,0.07500799745321274,4.7555258220199903e-07
256,float32,sdpa_cudnn,0,,,,
256,float16,eager,3,0.15772800147533417,0.14958400279283524,0.22862400114536285,0.0005062519339844584
256,float16,sdpa_math,3,0.2730240076780319,0.25835199654102325,0.36552000045776367,0.0003698334039654583
256,float16,sdpa_auto,3,0.025599999353289604,0.025439999997615814,0.03999999910593033,0.0003948025405406952
256,float16,sdpa_flash,0,,,,
256,float16,sdpa_efficient,3,0.049616001546382904,0.048895999789237976,0.0772479996085167,0.0003948025405406952
256,float16,sdpa_cudnn,3,0.06392000243067741,0.06299200281500816,0.09529600292444229,0.0003947751538362354
512,float32,eager,3,0.15198399871587753,0.1483519971370697,0.34027199447155,0.0
512,float32,sdpa_math,3,0.21942400187253952,0.21502400189638138,0.5672959983348846,1.832205072105353e-07
512,float32,sdpa_auto,3,0.05766399949789047,0.057631999254226685,0.05798399820923805,4.999430416319228e-07
512,float32,sdpa_flash,0,,,,
512,float32,sdpa_efficient,3,0.05772799998521805,0.05766399949789047,0.09696000069379807,4.999430416319228e-07
512,float32,sdpa_cudnn,0,,,,
512,float16,eager,3,0.15640000253915787,0.1549760028719902,0.38388799130916595,0.0005466018337756395
512,float16,sdpa_math,3,0.26343999803066254,0.2629760056734085,0.6740959882736206,0.000387473963201046
512,float16,sdpa_auto,3,0.028224000707268715,0.027952000498771667,0.06623999774456024,0.0004131979658268392
512,float16,sdpa_flash,0,,,,
512,float16,sdpa_efficient,3,0.05297600105404854,0.04927999898791313,0.05409599840641022,0.0004131979658268392
512,float16,sdpa_cudnn,3,0.06425599753856659,0.0636960007250309,0.09604800119996071,0.000413461122661829
1024,float32,eager,3,0.3474079966545105,0.34411200881004333,0.3486879914999008,0.0
1024,float32,sdpa_math,3,0.4392160028219223,0.4102399945259094,0.4591359943151474,2.0956287016815622e-07
1024,float32,sdpa_auto,3,0.21449600160121918,0.20188799500465393,0.22360000014305115,5.725445362259052e-07
1024,float32,sdpa_flash,0,,,,
1024,float32,sdpa_efficient,3,0.1807520017027855,0.17868799716234207,0.18449600040912628,5.725445362259052e-07
1024,float32,sdpa_cudnn,0,,,,
1024,float16,eager,3,0.15937600284814835,0.15624000132083893,0.18748800456523895,0.000557919847778976
1024,float16,sdpa_math,3,0.47291199862957,0.47148799896240234,0.47867199778556824,0.00039177018334157765
1024,float16,sdpa_auto,3,0.09052799642086029,0.08502399921417236,0.09232000261545181,0.00041790003888309
1024,float16,sdpa_flash,0,,,,
1024,float16,sdpa_efficient,3,0.07916799932718277,0.07619199901819229,0.08844800293445587,0.00041790003888309
1024,float16,sdpa_cudnn,3,0.10276800021529198,0.06831999868154526,0.10830399766564369,0.00041790620889514685
